,0,1,2,3,4,5
0,美國,#滑板少女,2018-12-21,1,552,"127,855"
1,南韓,0.0赫茲,2019-06-14,1,14805,3392830
2,西班牙,100公尺的人生,2017-04-28,1,"10,575","2,326,177"
3,澳洲,108悍將,2019-10-04,5,26914,5626120
4,加拿大,11號戰壕,2018-04-13,1,84,"17,735"
5,美國,12猛漢,2018-01-19,5,"163,354","36,100,389"
6,美國,15:17巴黎列車,2018-02-08,2,"71,550","16,074,226"
7,南韓,1987：黎明到來的那一天,2018-01-12,1,"21,000","4,779,947"
8,美國,2001太空漫遊,2018-06-04,1,"4,316","1,056,521"
9,美國,211緊急呼救,2018-06-01,5,"16,429","3,250,455"
10,"中華民國
／土耳其",3260 ＋ 流星安魂曲,2018-06-03,1,98,"17,940"
11,中華民國,3904英呎,2017-12-08,1,"2,814","633,306"
12,阿根廷,4x4 危機四伏,2019-09-12,1,3775,836683
13,中華民國,5月天諾亞方舟,2013-09-18,1,1331,355250
14,挪威,7月22日重生,2019-01-11,1,"1,350","295,057"
15,南韓,82年生的金智英,2019-11-22,22,135806,31877239
16,美國,84那年夏天,2019-05-24,1,274,60795
17,加拿大,8級警戒,2019-12-13,2,4472,1062273
18,南韓,90分鐘末日倒數,2018-12-28,3,"165,826","37,278,309"
19,美國,AI終結戰,2019-06-19,2,6568,1512423
20,法國,BEATSPERMINUTE,2017-12-05,4,"4,733","1,025,768"
21,南韓,BRING THE SOUL: THE MOVIE,2019-08-07,1,30945,12023940
22,南韓,BURN THE STAGE：THE MOVIE,2018-11-15,3,"24,827","9,905,000"
23,南韓,BURNTHESTAGE：THEMOVIE,2018-11-15,10,"24,682","9,847,200"
24,日本,BanG Dream! FILM LIVE,2019-11-22,5,9458,2264053
25,中華民國,Bra太子,2019-05-10,2,2543,538249
26,波蘭,B面人生,2018-09-14,2,508,"105,240"
27,美國,CARS3閃電再起,2017-08-07,1,"204,389","45,927,013"
28,美國,CATS 貓,2019-12-24,97,44737,10413887
29,日本,CODE GEASS 復活的魯路修,2019-05-29,1,"26,457","6,584,419"
30,日本,CODE GEASS反叛的魯路修 III 皇道,2018-06-29,4,"7,242","1,762,041"
31,日本,CODE GEASS反叛的魯路修III皇道,2018-06-29,1,"7,265","1,767,651"
32,日本,CODE GEASS反叛的魯路修II叛道,2018-06-01,1,"6,991","1,717,880"
33,日本,CODEGEASS反叛的魯路修III皇道,2018-06-29,6,"7,090","1,723,915"
34,日本,CODEGEASS反叛的魯路修II叛道,2018-06-01,1,"6,989","1,717,420"
35,日本,CODEGEASS復活的魯路修,2019-05-29,2,26328,6554444
36,日本,FATE/STAYNIGHT[HEAVEN'SFEEL]I.預示之花,2018-01-22,1,"47,894","12,314,812"
37,日本,Fate/stay night：II.迷途之蝶,2019-03-09,5,"6,700,357","27,116"
38,日本,Fate_staynight[Heaven'sFeel]II.迷途之蝶,2019-03-09,7,"59,945","15,706,009"
39,香港,G殺事件,2019-03-29,8,"1,438","326,038"
40,日本,HELLO WORLD,2019-11-15,2,34750,8189036
41,日本,HIDE：來春之約,2018-08-31,1,"4,808","1,087,620"
42,日本,HIGH & LOW熱血街頭電影版2：天空的盡頭,2018-09-07,1,205,"44,660"
43,日本,HIGH & LOW熱血街頭電影版3：終極任務,2018-09-07,1,129,"27,710"
44,日本,HUMAN LOST 人間失格,2019-12-13,2,2006,489315
45,日本,JOJO的奇妙冒險不滅鑽石,2018-01-05,2,"6,939","1,629,947"
46,日本,"K SEVEN STORIES
Episode 1「R：B～BLAZE～」",2018-07-07,6,"1,621","388,235"
47,日本,K SEVEN STORIES EPISODE 2「SIDE：BLUE～猶如天狼～」,2018-08-10,5,"1,160","271,803"
48,日本,K SEVEN STORIES EPISODE 3「SIDE：GREEN～覆寫世界～」,2018-09-14,2,957,"220,503"
49,日本,K SEVEN STORIES EPISODE 4「LOSTSMALLWORLD～牢籠的彼端～」,2018-10-12,4,"1,320","308,142"
50,日本,K SEVEN STORIES EPISODE 5「紅之記憶～BURN～」,2018-11-09,2,"1,125","260,857"
51,日本,K SEVEN STORIES Episode 6「CircleVision～NamelessSong～」,2018-12-07,7,922,"213,934"
52,日本,K SEVEN STORIES Episode1「R：B～BLAZE～」,2018-07-07,4,"1,886","449,013"
53,日本,K SEVEN STORIES Episode6「CircleVision～NamelessSong～」,2018-12-07,3,"1,043","242,094"
54,日本,KSEVENSTORIESEPISODE3「SIDE：GREEN～覆寫世界～」,2018-09-14,1,959,"220,953"
55,日本,KSEVENSTORIESEPISODE4「LOSTSMALLWORLD～牢籠的彼端～」,2018-10-12,1,"1,330","310,462"
56,日本,KSEVENSTORIESEPISODE5「紅之記憶～BURN～」,2018-11-09,7,"1,109","257,082"
57,日本,LoveLive!Sunshine!!學園偶像電影～彩虹彼端～,2019-04-04,1,"9,433","2,321,284"
58,美國,METALLICA & SAN FRANCISCO SYMPHONY: S&M2,2019-10-14,6,267,104980
59,美國,MIB星際戰警：跨國行動,2019-06-12,1,407033,94515920
60,馬來西亞,MRS.K,2018-01-26,1,61,"13,900"
61,德國,NG你的人生,2019-09-12,1,149,32620
62,義大利,NICO，地下絲絨之後,2019-02-14,3,"1,240",897
63,,,,,,
64,日本,"POKE'MON THE MOVIE 劇場版
精靈寶可夢我們的故事",2018-12-07,33,"34,315","7,977,864"
65,日本,POKE'MON THE MOVIE 劇場版精靈寶可夢我們的故事,2018-12-07,14,"42,744","9,934,501"
66,日本,POKE'MON THE MOVIE劇場版精靈寶可夢我們的故事,2018-12-07,2,"43,459","10,097,541"
67,日本,POKE'MONTHEMOVIE劇場版精靈寶可夢就決定是你了！,2017-11-17,3,"48,985","11,076,012"
68,日本,POKE'MONTHEMOVIE劇場版精靈寶可夢我們的故事,2018-12-07,1,"43,513","10,109,751"
69,香港,P風暴,2019-05-10,3,"12,979","2,539,150"
70,美國,RBG：不恐龍大法官,2019-03-08,1,"5,163","1,111,048"
71,南韓,REAL,2017-08-04,1,23624,5219538
72,日本,RE：BORN重生之鬼,2018-08-10,3,126,"28,460"
73,美國,STAR WARS : 天行者的崛起,2019-12-18,99,297686,75409266
74,美國,STARWARS：最後的絕地武士,2017-12-13,2,"414,830","106,018,939"
75,日本,SUNNY我們的青春,2018-12-07,1,"3,229","717,411"
76,中華民國,THUNDERBOLT FANTASY  生死一劍,2017-12-11,3,23062,5615768
77,中華民國,THUNDERBOLTFANTASY生死一劍,2017-12-08,1,"22,937","5,584,073"
78,中華民國,Thunderbolt Fantasy 西幽玹歌,2019-10-25,1,19736,4640014
79,南韓,V・I・P・,2017-09-28,1,"5,692","1,254,773"
80,英國,WESTWOOD：龐克時尚教母,2018-12-14,2,474,"102,325"
81,美國,X戰警：黑鳳凰,2019-06-06,2,450417,105423917
82,日本,《少女與戰車最終章》第１話,2017-12-29,3,"6,962","1,722,726"
83,英國,《悲慘世界》25周年紀念演唱會,2019-12-01,6,487,357920
84,中華民國,《畢業旅行笑翻天》,2018-02-02,1,"1,722","386,725"
85,中華民國,一一,2017-07-28,1,"21,730","4,993,677"
86,英國,一九八四,2018-06-04,1,220,"37,640"
87,美國,一個巨星的誕生,2018-10-09,1,"703,661","164,429,267"
88,英國,一個美國人在巴黎,2018-12-04,1,484,"227,925"
89,中華民國,一吻定情,2019-02-14,1,108717,24703070
90,日本,一定要結婚嗎,2019-08-09,5,"1,380","305,206"
91,日本,一屍到底,2018-09-21,1,"234,998","53,368,225"
92,日本,一屍到底番外篇：好萊塢大作戰！,2019-12-06,2,561,129503
93,中華民國,一念,2019-04-12,1,2121,453067
94,泰國,一池到底,2019-01-25,1,195,"41,165"
95,美國,一級玩家,2018-03-29,7,"1,416,308","362,043,453"
96,法國,一袋彈珠,2018-07-20,1,"3,761","773,155"
97,英國,一週斃命：不死退費,2018-10-12,1,"5,661","1,212,075"
98,日本,七個會議,2019-10-18,6,5041,1109342
99,日本,七夜怪談,1998-01-01,2,38,"8,155"
100,日本,七夜怪談0：貞相大白,2000-01-01,1,16,"3,400"
101,日本,七夜怪談2︰貞子謎咒,1999-01-01,1,12,"2,565"
102,日本,七夜怪談：復活之路,1998-01-01,1,7,"1,490"
103,南韓,七年之夜,2018-04-27,3,685,"149,112"
104,中國大陸,七月與安生,2018-03-23,1,24264,5619501
105,南韓,七罪追緝令,2018-11-09,1,"5,198","1,168,055"
106,日本,七龍珠‧超布羅利,2019-02-22,14,"86,540","26,065,000"
107,中華民國,丈夫的秘密,2019-01-26,1,1,150
108,美國,三分男孩,2014-04-11,1,8,"1,130"
109,香港,三夫,2019-04-26,1,2827,614819
110,法國,三小一家人,2019-03-08,2,"1,889","404,029"
111,美國,三島由紀夫：人間四幕,2018-06-06,1,155,"26,720"
112,日本,三更半夜居然要吃香蕉？,2019-04-26,2,"1,670","366,128"
113,中國大陸,三生三世十里桃花,2018-08-10,1,529,"119,520"
114,日本,三角草的春天,2019-01-25,4,218,"48,685"
115,中華民國,上岸的魚,2018-03-16,1,"3,627","770,902"
116,義大利,上流世界,2019-04-19,1,3200,699077
117,法國,上流教慾,2019-07-12,7,368,81155
118,日本,下一站，天國,2016-12-15,1,"1,346","278,585"
119,中華民國,下半場,2019-08-23,1,102282,22968141
120,智利,下坡戮,2018-05-04,1,79,"16,845"
121,中華民國,下錨+失業陣線聯盟,2018-06-22,1,36,"5,400"
122,美國,不可能的任務：全面瓦解,2018-07-25,2,"1,897,530","447,486,435"
123,挪威,不可能的逃亡,2018-11-30,1,"3,705","815,639"
124,法國,不思議女人,2017-11-24,1,"1,592","337,866"
125,中華民國,不滅之光,2019-05-24,1,907,201325
126,日本,不管媽媽多麼討厭我,2019-03-15,1,1754,384771
127,日本,世界最長的照片,2018-11-30,1,"2,941","622,334"
128,英國,世紀球王 馬拉度納,2019-12-20,6,222,45355
129,南韓,中國城,2018-09-28,3,511,"104,550"
130,丹麥,丹麥共居生活,2016-08-12,1,"1,507","292,415"
131,日本,乒乓少女大逆襲,2017-11-10,1,"27,056","6,175,002"
132,日本,乘浪之約,2019-08-09,1,13224,3068727
133,香港,九龍不敗,2019-06-25,1,7607,1509112
134,中華民國,乳‧房,2019-03-08,1,"5,661","1,254,938"
135,日本,乾杯！戀上日本酒的女子,2019-08-16,1,"1,038","221,502"
136,日本,亂,2017-09-29,1,942,"213,395"
137,美國,亂世佳人,1939-01-01,1,9538,2326678
138,英國,亂世傷痕~末代總督的秘密,2017-12-01,1,"2,492","517,558"
139,中華民國,五月天 人生無限公司,2019-05-24,5,"159,801","54,167,349"
140,中華民國,五月天人生無限公司,2019-05-24,14,157729,53444154
141,中華民國,亡命之途,2019-06-06,2,7657,1612662
142,泰國,交友網戰,2018-11-16,1,"3,921","813,618"
143,法國,亨利先生的秘密,2019-05-24,2,3130,635167
144,英國,享受吧！尋味義大利,2018-02-09,3,"2,369","475,709"
145,法國,享宴Hold不住,2018-05-18,1,"6,327","1,329,846"
146,英國,人生剩利組,2017-10-20,1,"33,997","7,252,404"
147,法國,人生最後一場拍賣會,2019-05-24,1,3447,698709
148,美國,人生消極掰,2019-07-26,3,"32,112","7,419,953"
149,義大利,人生無限露營車,2018-04-20,1,"6,199","1,298,707"
150,印度,人生起跑線,2018-03-16,2,"31,289","6,569,169"
151,法國,人盡皆知,2019-04-12,1,"2,044","414,749"
152,美國,人肉搜索,2018-09-28,2,"64,656","14,130,453"
153,美國,人肉農場,2019-05-10,1,999,221344
154,日本,人間失格：太宰治與他的3個女人,2019-12-06,3,9291,2141608
155,中華民國,人面魚紅衣小女孩外傳,2018-11-23,2,"328,367","73,072,985"
156,日本,人魚沉睡的家,2018-12-21,1,"4,371","958,995"
157,美國,今夜血肉燦爛,2018-04-27,2,60,"12,505"
158,日本,今夜，在浪漫劇場與妳相遇,2018-05-11,1,"17,400","3,940,066"
159,法國,今夜，我們無罪,2019-10-18,1,594,128314
160,日本,今天也要用便當出擊,2019-09-12,1,2964,669013
161,以色列,今天跳舞不打仗,2018-03-02,1,"1,196","257,765"
162,法國,今生情未了,2017-12-15,1,"1,864","377,885"
163,美國,他們不再老去,2019-03-29,2,"6,823","1,563,649"
164,德國,他叫簡單，他是我兄弟,2018-06-22,5,"1,465","305,528"
165,丹麥,他媽的完美女友,2018-07-06,4,"1,350","294,385"
166,日本,仙人畫家：熊谷守一,2018-10-01,5,"1,162","240,675"
167,美國,仙戒奇緣,2019-08-16,1,5989,1330655
168,美國,以你的名字呼喚我,2018-01-12,2,"30,488","7,088,395"
169,香港,以青春的名義,2018-01-26,1,29,"6,880"
170,美國,仲夏魘,2019-07-12,2,10932,2449440
171,日本,企鵝公路,2019-01-18,1,17808,4082250
172,法國,企鵝寶貝2：極地的呼喚,2018-12-21,1,286,"65,431"
173,美國,伊剎貝爾,2019-07-26,6,2568,559791
174,日本,伊索遊戲,2019-10-25,4,951,211285
175,美國,伴唱人生：聚光燈外二十呎,2014-08-08,1,3,450
176,香港,低壓槽,2018-05-04,1,"15,033","3,302,137"
177,德國,你不快樂嗎?,2019-08-30,1,334,70037
178,黎巴嫩,你只欠我一個道歉,2018-03-23,1,"8,569","1,819,820"
179,英國,你才女巫，你全家都女巫,2018-04-27,1,"1,091","227,650"
180,中華民國,你找什麼？,2017-07-10,1,81,"18,830"
181,美國,你是我的勇氣,2017-10-13,1,"28,483","6,231,404"
182,中華民國,你的臉+光,2019-05-17,1,7269,1488500
183,美國,你願意嫁給我老公嗎？,2019-08-30,1,8692,1730303
184,香港,使徒行者2 諜影行動,2019-08-30,1,23440,5001687
185,日本,來了,2019-03-22,1,8140,1821315
186,日本,來自大海的男人,2018-10-26,5,"1,124","242,202"
187,波蘭,來自未來的她,2018-08-24,3,19,"4,470"
188,日本,來自深淵劇場版總集篇前編：啟程的黎明,2019-02-22,4,"5,090","2,031"
189,日本,來自深淵劇場版總集篇後編：流浪之黄昏,2019-03-08,1,"1,608","384,140"
190,美國,侏羅紀世界:殞落國度,2018-06-06,1,"2,554,600","621,672,249"
191,美國,侵密室友,2019-04-03,1,27180,5912210
192,南韓,信徒,2018-06-22,1,"5,515","1,195,241"
193,日本,信用詐欺師JP,2019-09-27,1,15408,3535367
194,美國,倒數計死,2019-12-27,65,42698,9808440
195,泰國,借來的100天,2019-01-11,1,"15,552","3,492,512"
196,中國大陸,假如王子睡著了,2018-01-19,17,"3,258","758,057"
197,法國,假掰英雄,2018-05-04,2,"1,586","325,620"
198,日本,假面飯店,2019-03-15,1,50973,11317083
199,日本,假面騎士ZI-O Over Quartzer/快盜戰隊魯邦連者VS警察戰隊巡邏連者 en film,2019-12-13,6,6646,1589565
200,日本,假面騎士平成世代巔峰決戰BUILD&EX-AIDWITH傳說騎士,2018-02-08,2,"4,599","1,088,186"
201,義大利,偵兇,2019-08-23,3,1894,391850
202,西班牙,偵相,2019-11-15,8,1178,265599
203,丹麥,傑克蓋的房子,2018-11-30,3,"5,629","1,284,524"
204,香港,催眠 . 裁決,2019-11-15,1,11983,2756124
205,中華民國,傻傻愛你，傻傻愛我,2019-11-01,3,42056,9440587
206,日本,億男,2019-02-01,1,"1,919","428,496"
207,美國,億萬男孩俱樂部,2018-10-19,1,"26,803","6,093,088"
208,南韓,優雅的謊言,2018-09-28,3,421,"88,380"
209,日本,元氣人生,2019-02-15,1,636,"126,830"
210,法國,兄弟，嫁給我好嗎,2018-01-26,2,"1,269","212,890"
211,日本,先生！我可以喜歡你嗎,2018-03-09,1,"10,801","2,512,500"
212,馬來西亞,光,2019-08-23,2,3924,854886
213,義大利,克林姆與席勒：靈慾之間,2019-10-09,1,416,94440
214,南韓,克萊兒的相機,2018-05-25,1,667,"145,920"
215,以色列,兒子的完美告別,2017-07-07,1,3530,750530
216,日本,全員死刑,2018-03-30,3,546,"120,640"
217,美國,全面攻佔3: 天使救援,2019-08-21,3,636969,147425692
218,法國,全面開戰,2018-12-02,1,824,177091
219,法國,全面霾伏,2018-08-24,1,"37,220","8,347,362"
220,美國,兩個爸爸,2018-10-05,1,"3,015","666,024"
221,法國,八美圖,2002-11-16,1,732,"153,985"
222,中華民國,六個嫌疑犯,2019-08-17,1,2,250
223,日本,再一次，台灣見,2018-03-16,1,975,"224,184"
224,日本,再會：大人的禁斷戀愛,2019-08-23,2,27,5945
225,香港,再見了!小Q,2019-09-12,1,5091,1138120
226,日本,再見了，唇,2019-08-23,2,1833,413774
227,南韓,冠軍大叔,2018-06-15,1,"205,544","45,231,049"
228,加拿大,冥房,2018-07-27,1,533,"118,750"
229,俄羅斯,冰上情緣,2018-04-20,1,843,"190,313"
230,法國,冰海異種,2018-01-12,1,"1,547","329,825"
231,日本,冰菓,2018-03-02,2,"1,009","239,257"
232,美國,冰雪奇緣2,2019-11-21,88,1407446,333387855
233,英國,凱撒大帝(英國國家劇院現場),2018-10-19,5,822,"548,960"
234,美國,凸搥特派員:三度出擊,2018-09-21,1,"258,950","58,900,385"
235,中華民國,出發,2019-05-31,2,69374,15430131
236,法國,出發吧！我的脫單假期,2019-08-09,3,2353,513654
237,以色列,出走巴黎,2019-07-26,2,3642,765106
238,日本,刀劍神域劇場版-序列爭戰,2017-02-24,5,"213,727","55,675,013"
239,南韓,分秒幣爭,2018-11-30,1,22101,4929276
240,馬來西亞,分貝人生,2017-12-01,1,"1,164","246,213"
241,中華民國,切小金家的旅館,2018-07-12,1,"89,959","19,771,591"
242,英國,初戀手作中,2019-01-04,1,798,"166,100"
243,美國,判決,2018-09-28,1,"16,413","3,656,015"
244,法國,別問我是誰,2019-06-21,2,"4,512","920,125"
245,美國,別回頭,2018-06-02,1,229,"40,560"
246,美國,別闖陰陽界,2017-11-03,1,"54,484","11,784,259"
247,美國,利斧狂魔,2018-09-14,1,111,"23,990"
248,美國,刺殺終點戰,2018-05-04,1,"17,795","3,809,717"
249,德國,前任同盟,2018-10-26,2,98,"19,740"
250,日本,劇場版 假面騎士Build 合而為一,2019-09-13,6,1074,263148
251,日本,劇場版 假面騎士：永遠的平成世代,2019-09-27,1,2401,577479
252,日本,劇場版 歌之☆王子殿下♪真愛KINGDOM,2019-06-14,1,9749,2494946
253,日本,劇場版FREE! 男子游泳部–Road to the World–夢,2019-08-28,1,10781,2600494
254,日本,劇場版動畫借來的100天,2019-01-04,4,"1,700",470
255,日本,劇場版歌之☆王子殿下♪真愛KINGDOM,2019-06-14,6,7337,1928417
256,日本,劇場版無敵鐵金剛/INFINITY,2018-03-30,1,"29,220","6,892,364"
257,日本,劇場版王室教師海涅,2019-03-29,2,"1,741","410,154"
258,英國,劊子手(英國國家劇院現場),2018-10-19,2,769,"507,920"
259,美國,劊樂小丑,2018-08-17,1,775,"170,395"
260,南韓,加油吧 ! 李先生,2019-10-18,1,3166,712207
261,巴西,加百列的東非七十天,2018-04-27,1,877,"178,835"
262,英國,劫孕,2018-01-26,2,"6,489","1,484,810"
263,比利時,劫局,2018-11-16,1,"2,046","424,406"
264,美國,勝負反手拍,2017-11-24,1,"10,170","2,159,582"
265,美國,勾魂200小時,2018-07-06,3,90,"20,690"
266,日本,北之櫻守－媽媽的守護者,2018-04-27,4,"4,038","813,157"
267,法國,北極上學趣,2018-09-14,1,"1,931","426,985"
268,英國,北韓搖滾解放日,2018-04-27,1,"2,196","487,802"
269,南韓,北風,2018-09-07,1,"10,241","2,338,381"
270,芬蘭,匿名的畫作,2019-09-06,4,4487,929115
271,日本,十二個想死的少年,2019-04-12,1,18914,4306354
272,美國,午夜遊戲,2018-04-06,1,128,"26,940"
273,中國大陸,南方車站的聚會,2019-12-10,3,4676,1045728
274,義大利,卡拉瓦喬：靈魂與血肉之軀,2019-04-26,3,430,"92,380"
275,法國,卡拉絲：為愛而聲,2018-04-03,1,"3,813","820,993"
276,俄羅斯,危險性交易,2018-08-03,1,128,"28,615"
277,丹麥,厄夜追緝令,2019-03-15,1,10231,2096987
278,法國,厄夢娃娃屋,2018-04-20,1,"12,302","2,854,876"
279,美國,厄月驚魂曲,2018-03-30,2,92,"19,360"
280,美國,厄林殺機,2019-05-03,1,878,197603
281,日本,原本以為只是手機掉了,2019-04-19,1,8723,1949391
282,南韓,原罪犯,2018-05-11,2,"2,180","488,346"
283,美國,厭世媽咪日記,2018-05-11,1,"22,620","5,292,168"
284,俄羅斯,厲可拍,2018-09-28,1,"14,479","3,326,711"
285,荷蘭,去他X的放蕩青春,2018-10-01,1,191,"29,980"
286,日本,去年冬天，與你分別,2018-06-22,1,"4,210","917,237"
287,美國,去年聖誕節,2019-12-06,23,93684,22098417
288,美國,去死吧！老闆,2018-06-01,4,"1,200","283,754"
289,日本,友罪,2018-07-13,1,"5,749","1,304,969"
290,日本,反叛的魯路修I興道,2018-04-20,3,"6,084","1,492,325"
291,德國,反間遊戲,2019-11-01,1,3389,743484
292,日本,受難,2019-10-04,1,26,5805
293,美國,古墓奇兵,2018-03-08,2,"586,928","137,602,724"
294,香港,古宅,2019-01-25,2,208,"47,695"
295,日本,古書堂事件手帖,2018-12-21,1,"2,518","555,214"
296,日本,古都,2017-02-24,1,"8,648","1,757,125"
297,中華民國,只有大海知道,2018-06-15,1,"37,862","8,407,462"
298,泰國,只有我能喜歡妳,2019-09-27,3,14942,3442155
299,英國,只殺陌生人,2018-04-20,1,"6,187","1,276,968"
300,美國,可可夜總會,2017-11-24,3,"600,838","135,232,352"
301,中華民國,台北物語,2017-05-19,1,"16,094","3,953,520"
302,英國,史達林死了沒？,2018-04-27,1,"3,844","871,216"
303,日本,吉娃娃羅曼死,2019-02-27,4,"5,895",742
304,香港,吉屋,2019-01-25,1,158,"35,905"
305,中華民國,同學會來嗎,2018-11-02,1,"1,397","308,975"
306,日本,名偵探柯南:零的執行人,2018-07-06,5,"393,711","92,350,164"
307,日本,名偵探柯南：紺青之拳,2019-07-10,1,472497,109674984
308,美國,名偵探皮卡丘,2019-05-09,1,684482,160781606
309,英國,君臣人子小命嗚呼（英國國家劇院現場）,2018-01-10,4,588,"380,520"
310,中國大陸,吹哨人,2019-12-27,23,2033,441986
311,丹麥,吾家有神,2018-03-02,1,247,"49,425"
312,美國,吾愛吾詩,2019-05-24,1,754,150715
313,德國,呆萌特務,2019-12-06,5,7258,1614170
314,中華民國,命帶追逐（2018數位修復版）,2018-07-13,1,"3,035","669,676"
315,澳洲,咖啡大師,2019-08-30,1,251,54650
316,美國,哈佛沒教的幸福課,2017-09-08,1,"10,964","2,502,663"
317,英國,哈利路亞！,2019-12-04,5,135,84320
318,中華民國,哈囉！有事嗎,2018-10-23,1,"5,553","1,192,587"
319,加拿大,哈柏太空之旅 3D,2019-02-04,1,562,80685
320,加拿大,哈柏太空之旅3D,2019-02-04,1,449,64130
321,日本,哈納萊伊灣,2019-04-03,1,761,"165,418"
322,美國,哥吉拉II怪獸之王,2019-05-29,1,1072120,259835598
323,日本,哥吉拉：噬星者,2019-01-11,3,637,"143,315"
324,日本,哥吉拉：怪獸惑星,2019-01-04,4,251,"53,940"
325,日本,哥吉拉：決戰機動增殖都市,2019-01-04,2,248,"53,335"
326,美國,哭泣的女人,2019-04-17,1,135751,31268319
327,中國大陸,唐人街探案2,2019-12-13,2,114,25630
328,美國,唐頓莊園,2019-09-20,2,11325,2533898
329,英國,唯你是愛,2019-12-13,2,153,28210
330,日本,喔！露西,2018-09-07,5,"1,115","234,170"
331,美國,喜劇天團：勞萊與哈台,2019-03-22,1,"1,956","439,586"
332,香港,喜怒哀樂,2019-01-25,1,94,"20,125"
333,法國,喜歡你愛上你逃離你,2018-07-27,1,"3,896","862,401"
334,英國,喬治三世的瘋狂,2019-06-21,1,546,"358,200"
335,英國,喬治三世的瘋狂(英國國家劇院現場),2019-06-21,5,187,120320
336,中國大陸,嘉年華,2018-01-26,2,"2,531","552,244"
337,法國,嘰哩咕與夥伴,2018-10-28,1,5,500
338,美國,噤界,2018-04-04,6,"315,547","72,372,674"
339,巴西,噩靈再臨,2018-05-18,1,71,"15,275"
340,加拿大,噬童魔,2018-11-09,2,54,"13,080"
341,美國,噬魂實驗,2019-04-19,2,288,"65,510"
342,美國,嚇地獄,2018-11-02,1,"14,199","3,077,348"
343,美國,嚕嚕米冬日樂園,2018-02-14,1,"1,574","326,790"
344,墨西哥,四月的女兒,2018-04-13,3,492,"106,065"
345,中華民國,回來安平港,2019-01-12,1,6,960
346,法國,囧叔大翻身,2019-07-19,1,622,134605
347,美國,囧媽的極地任務,2019-09-27,2,10190,2270006
348,美國,圍雞總動員,2018-04-20,5,"92,549","20,557,103"
349,日本,在咖啡冷掉之前,2018-10-05,1,"55,267","12,309,971"
350,日本,在地下城尋求邂逅是否搞錯了什麼─獵戶座之箭─,2019-02-22,4,"21,479","5,270,643"
351,日本,在時間停止的世界相遇,2019-10-09,8,3723,826312
352,美國,在黑暗中說的鬼故事,2019-08-07,1,229138,52659209
353,英國,地下狂熱趴,2019-09-27,1,965,216192
354,中國大陸,地久天長,2019-11-08,2,2608,603840
355,中華民國,地圖的盡頭,2017-09-15,1,"71,899","15,921,240"
356,日本,地獄哪有那麼HIGH！,2016-08-26,1,"7,591","1,684,995"
357,美國,地獄家政婦,2019-08-23,2,477,"103,282"
358,美國,地獄怪客: 血后的崛起,2019-04-11,2,141184,31441007
359,美國,地獄怪客:血后的崛起,2019-04-11,8,140273,31365697
360,加拿大,地獄自拍,2019-02-27,1,263,"59,880"
361,加拿大,地球另一端的守候,2018-08-24,3,859,"174,035"
362,英國,地球：奇蹟的一天,2018-05-04,1,"9,558","2,176,124"
363,美國,坂本龍一: async紐約現場,2018-07-13,1,577,"140,176"
364,美國,坂本龍一:async紐約現場,2018-07-13,1,659,"164,448"
365,日本,坂本龍一：終章,2018-07-13,1,10484,2307259
366,日本,坂道上的阿波羅,2018-07-20,1,"2,823","623,782"
367,法國,城市獵人,2019-05-24,1,20930,4476479
368,日本,城市獵人劇場版 新宿Private Eyes,2019-07-19,1,"7,205","1,786,088"
369,中國大陸,塑料王國,2018-09-28,1,"3,639","775,912"
370,美國,壞事大飯店,2018-11-23,1,"5,055","1,033,112"
371,美國,壞壞萌雪怪,2019-10-04,3,73526,16684674
372,俄羅斯,夏,2018-10-26,1,"1,673","377,028"
373,西班牙,夏日1993,2018-06-29,2,348,"76,460"
374,日本,夏日大作戰,2018-08-10,1,716,"157,206"
375,日本,夏目友人帳劇場版緣結空蟬,2018-12-07,3,"23,106","5,381,955"
376,馬來西亞,夕霧花園,2019-11-29,2,17450,3941435
377,挪威,外出偷馬,2019-12-20,2,894,187619
378,義大利,外慾,2018-09-28,1,"1,412","292,902"
379,法國,多情動物,2017-12-29,1,"1,271","274,675"
380,日本,多桑不在家,2018-03-30,1,"5,853","1,256,485"
381,南韓,夜半鬼哭聲,2018-12-07,3,"2,933","646,773"
382,法國,夜噬人生,2018-10-31,3,87,"19,460"
383,美國,夜驚,2018-11-02,1,"5,231","1,197,642"
384,澳洲,夜鶯的哭聲,2019-09-12,1,4415,903190
385,美國,夢想心樂章,2018-05-11,1,"10,716","2,427,711"
386,匈牙利,夢鹿情謎,2017-11-24,1,"3,813","814,915"
387,中華民國,大三元,2019-02-01,1,"105,954","23,605,217"
388,中國大陸,大世界,2017-12-02,1,707,"156,446"
389,日本,大人的戀愛情事,2019-08-09,2,23,5310
390,中華民國,大佛普拉斯,2017-10-13,3,"136,514","29,713,066"
391,美國,大冒險家,2019-05-03,1,19275,4240573
392,日本,大叔之愛電影版,2019-09-06,2,29478,6837827
393,德國,大叔好神騎,2019-06-28,1,1068,184595
394,美國,大君主行動,2018-11-09,4,"10,330","161,937"
395,美國,大娛樂家,2017-12-20,2,"395,028","91,804,012"
396,義大利,大師之眼—從安東尼奧尼到伍迪艾倫,2018-10-12,2,109,"21,060"
397,香港,大師兄,2018-08-24,1,"145,841","31,790,004"
398,美國,大河戀：4K數位修復版,2017-11-10,1,"1,396","287,110"
399,美國,大災難家,2018-01-19,2,"40,128","9,098,219"
400,阿根廷,大犯罪家,2016-04-22,1,2,330
401,中華民國,大約在冬季,2019-12-27,12,5923,1396456
402,日本,大聲點笨蛋！完全不知道你在唱什麼,2018-10-28,3,804,"181,270"
403,英國,大衛‧鮑伊 is…,2018-06-15,3,197,"77,800"
404,英國,大衛‧鮑伊is…,2018-06-15,1,433,"170,500"
405,美國,大說謊家,2019-12-13,24,34818,7950700
406,中國大陸,大象席地而坐,2019-01-11,4,"13,210","27,961"
407,法國,大醫新鮮人,2018-11-16,1,"1,988","412,265"
408,中華民國,大餓,2019-11-15,3,10546,2347236
409,美國,大黃蜂,2018-12-26,3,"653,556","155,948,018"
410,法國,天上再見,2018-01-12,1,"4,933","1,011,080"
411,美國,天人試煉,2017-10-12,1,12,"1,900"
412,阿根廷,天使怎麼了,2019-01-18,1,"1,651","357,029"
413,法國,天使的臉孔,2018-12-07,3,484,"99,147"
414,匈牙利,天使追殺令,2018-04-20,3,"3,470","756,530"
415,馬來西亞,天使，曾經來過,2018-05-25,1,"1,261","255,940"
416,美國,天劫：救贖之戰,2017-12-08,1,"19,047","3,985,347"
417,美國,天堂在405號公路塞車加映慕夏壯麗藝術祭,2018-10-26,1,327,"66,155"
418,法國,天才樂手行不行,2019-01-11,1,"3,482","713,601"
419,日本,天氣之子,2019-09-12,1,685745,164854071
420,中華民國,天生不對,2018-01-26,1,25,"6,320"
421,美國,天靈眼,2018-05-11,2,32,"6,660"
422,俄羅斯,太空漫步,2018-10-19,1,199,"42,950"
423,法國,太陽之女,2019-03-29,1,626,126340
424,中華民國,太陽的孩子,2015-09-25,1,2,400
425,日本,失憶的總理大臣,2019-10-25,2,7691,1698157
426,美國,失控危城,2019-03-29,3,"148,301","33,220,188"
427,法國,失控班!,2019-04-19,1,"1,142","252,609"
428,義大利,失竊神畫：卡拉瓦喬,2019-11-15,1,657,128705
429,美國,失落之城,2017-06-02,1,"6,809","1,263,859"
430,美國,失蹤網紅,2018-09-14,1,"104,907","23,770,866"
431,美國,失速夜狂奔,2017-11-24,1,"3,054","691,793"
432,美國,奇光下的秘密,2017-12-15,1,"2,089","450,669"
433,美國,奇幻遊樂園,2019-04-04,1,53064,11585892
434,德國,奇蹟熱氣球,2018-12-14,1,"2,075","432,497"
435,美國,奇蹟男孩,2017-12-01,1,"274,478","61,207,718"
436,法國,奧尼熊與莎琳鼠,2018-10-08,1,7,700
437,愛爾蘭,奪命大夜班,2019-05-31,2,446,97376
438,英國,奪魂鋸：遊戲重啟,2017-11-10,4,"170,986","39,400,552"
439,美國,奪魂露營車,2019-12-20,1,223,47807
440,阿爾及利亞,女孩要革命,2019-12-06,3,773,161260
441,法國,女王的柯基,2019-04-12,1,"105,076","23,219,463"
442,美國,女王與知己,2017-11-03,4,"31,849","6,885,757"
443,英國,女神們的下午茶,2019-11-22,3,749,155138
444,日本,她不知道那些鳥的名字,2018-01-19,2,"3,649","826,410"
445,南韓,她們的故事,2018-07-27,4,"1,292","288,923"
446,美國,她的搖滾滋味,2019-07-05,2,193,39190
447,法國,她的錯誤教育,2018-08-24,7,"2,313","499,545"
448,美國,好小男孩,2019-09-12,3,36397,8276440
449,中華民國,如常,2019-06-28,1,46626,10011068
450,泰國,妒火的詛咒-娜迦,2019-09-20,7,1972,427468
451,日本,妖怪奇譚集,2019-10-18,4,112,24263
452,日本,妖怪手錶：光影之卷鬼王的復活,2019-01-25,1,"3,103","706,695"
453,南韓,妙探事務所,2018-07-06,1,"1,641","364,720"
454,日本,妳在月夜裡閃耀光輝,2019-06-28,4,843,188608
455,美國,姐姐妹妹殺起來,2017-12-08,1,"3,569","727,997"
456,日本,姐姐的私廚,2018-11-16,1,"2,297","492,831"
457,美國,姐就是美！,2018-05-21,1,"54,804","12,264,655"
458,英國,威尼斯商人,2019-03-29,1,468,316240
459,日本,娼年,2018-08-10,1,"4,264","912,237"
460,美國,婚禮冤家,2018-09-07,2,"27,373","6,323,183"
461,南韓,婚禮的那一天,2018-09-14,2,"8,563","1,994,419"
462,美國,媽媽咪呀！回來了,2018-08-01,1,"112,877","25,276,673"
463,南韓,媽媽的人生食譜,2018-07-13,1,372,"81,935"
464,南韓,嫌疑犯X,2019-03-22,1,289,"63,825"
465,中華民國,嫐,2018-04-20,1,317,"71,350"
466,加拿大,嬰魂不散,2019-02-22,1,"27,455","6,299,695"
467,印度,孟買夜未眠,2019-04-26,1,"1,635","330,210"
468,南韓,季春奶奶,2017-10-27,1,"6,870","1,515,336"
469,中華民國/中國大陸,孤味/繭/擁抱/尋找保羅/Miss World/基石,2019-08-17,1,60,"10,350"
470,日本,孤狼之血,2018-07-20,1,"2,498","531,678"
471,南韓,宅配男逃亡曲,2018-03-09,1,"2,212","456,473"
472,法國,安妮華達 最後一堂課,2019-07-12,6,"2,294","490,830"
473,美國,安娜,2019-06-19,3,152865,34310260
474,英國,安娜與世界末日,2018-12-21,4,182,"39,750"
475,美國,安娜貝爾回家囉,2019-06-25,2,361039,84077501
476,英國,安東尼與克莉奧佩特拉,2019-06-06,4,558,"363,600"
477,英國,安東尼與克莉奧佩特拉(英國國家劇院現場),2019-06-06,4,168,108480
478,美國,安眠醫生,2019-11-08,5,122591,29399074
479,紐西蘭,完全邪惡指南,2019-08-02,1,305,65629
480,南韓,完美搭檔,2019-05-24,1,13733,3143837
481,美國,完美社區謀殺案,2017-12-01,2,"11,822","2,659,289"
482,奧地利,完美結局,2018-02-12,2,"2,933","610,254"
483,法國,家戰,2018-05-11,1,"3,247","689,600"
484,日本,家族的色彩,2019-03-29,1,"2,236","476,567"
485,日本,家族真命苦2,2018-08-03,2,673,"140,035"
486,日本,家族真命苦3：願妻如薔薇,2018-10-26,3,274,"59,470"
487,美國,家有兩個爸X2,2017-12-01,1,"57,494","12,556,065"
488,美國,宿怨,2018-06-15,1,"114,816","26,443,700"
489,匈牙利,寂寞公路,2016-01-29,1,10,"1,500"
490,英國,寂寞大師,2018-04-04,1,"7,077","1,576,524"
491,英國,寂寞裁縫師,2019-10-18,1,2401,495772
492,法國,寂寞診療室,2019-11-29,1,925,196715
493,南韓,寄生上流,2019-06-28,1,626757,146112658
494,日本,寄生下流,2019-07-05,2,529,68910
495,比利時,密室大逃殺,2019-07-05,4,723,165702
496,美國,密弑遊戲,2019-02-27,1,99131,22061612
497,阿根廷,密謀,2018-09-14,1,"9,700","2,219,381"
498,南韓,密陽,2019-02-28,1,"1,210","255,603"
499,英國,富麗秀（英國國家劇院現場）,2018-06-04,5,"1,075","724,440"
500,中華民國,寒單,2019-01-23,3,"221,472","49,291,780"
501,美國,寡婦,2018-12-07,2,"43,631","9,519,738"
502,美國,寵物當家2,2019-06-06,1,253048,57589899
503,中華民國,尊瑪尊瑪：我和她們在喜馬拉雅山的夏天,2018-01-19,1,"1,754","395,095"
504,瑞士,尋愛偵探阿洛伊斯,2018-05-11,1,"1,517","329,625"
505,德國,尋找快樂的15種方法,2015-06-26,1,17,"2,410"
506,美國,尋祕街拍客,2019-08-11,1,12,1830
507,美國,對頭冤家,2018-03-02,1,"3,514","584,726"
508,美國,小丑,2019-10-03,9,1384111,330823025
509,日本,小偷家族,2018-07-13,1,67328,14488402
510,日本,小小夜曲,2019-11-22,3,917,205422
511,日本,小小戀歌,2019-10-04,1,2695,607538
512,荷蘭,小島來了陌生爸爸,2019-07-05,2,1132,225202
513,南韓,小森林,2018-06-15,1,862,"188,926"
514,法國,小活佛,2018-03-30,2,"1,643","336,355"
515,中華民國,小猫巴克里,2017-12-29,1,"11,635","2,653,213"
516,法國,小王子,2015-10-23,1,40,"8,290"
517,中華民國,小玩意,2018-04-27,3,554,"119,075"
518,中華民國,小美,2018-12-01,3,"5,232","1,180,592"
519,美國,小腳怪,2018-09-28,3,"100,407","22,061,340"
520,日本,小資女孩奮鬥記：遊樂園的奇蹟,2019-03-08,1,"1,974","413,354"
521,美國,小飛象,2019-03-29,1,380355,86346048
522,法國,小鬼作家養成班,2018-03-23,2,83,"16,960"
523,日本,少女與戰車劇場版,2016-05-13,5,"31,721","14,608,058"
524,義大利,少女車神,2017-09-15,1,"1,337","299,569"
525,法國,少女離家記,2016-03-25,1,1,200
526,美國,尖叫旅社3:怪獸假期,2018-07-19,1,"310,588","68,688,670"
527,法國,尖峰人生暫停一下,2018-12-21,1,"2,541","518,470"
528,日本,就是要妳愛上我,2019-04-19,3,889,"194,771"
529,美國,屄死人之夜,2018-10-31,2,110,"24,830"
530,英國,屋簷下的記憶,2019-03-22,1,315,"64,265"
531,加拿大,屍奶俱樂部,2018-05-04,1,137,"28,580"
532,加拿大,屍控療法,2019-12-13,2,509,106716
533,英國,屍控警戒,2018-09-07,3,995,"230,010"
534,美國,屍樂園：髒比雙拼,2019-10-09,3,63949,14356452
535,泰國,屍約,2017-10-20,1,"85,570","19,442,348"
536,南韓,屍落之城,2018-10-26,1,"55,323","12,146,404"
537,美國,屍落沙漠,2018-03-16,1,151,"31,730"
538,南韓,屍蹤7號房,2017-12-22,2,"1,870","406,180"
539,澳洲,屍速狂殺,2018-03-09,2,149,"30,535"
540,泰國,屍降,2019-03-29,3,"32,486","7,242,638"
541,日本,山田孝之的痛苦與榮耀,2019-11-08,1,761,161222
542,中華民國,山的那一邊,2018-09-07,1,"24,519","5,432,891"
543,英國,山那邊的青稞田,2019-01-18,1,344,"67,980"
544,日本,巧虎電影 魔法島大冒險,2019-01-18,5,40101,9497562
545,日本,巧虎電影魔法島大冒險,2019-01-18,8,40038,9482609
546,美國,巨齒鯊,2018-08-10,1,"698,074","162,289,851"
547,法國,巴黎A片現場,2019-05-17,4,600,124087
548,法國,巴黎之王：闇黑正義,2019-08-30,1,5008,1064952
549,法國,巴黎小情聖,2019-12-13,3,910,191000
550,法國,巴黎野玫瑰,2016-05-27,1,"2,769","626,555"
551,中華民國,市長夫人的秘密,2018-05-11,3,"21,135","4,643,490"
552,美國,布拉格的春天,2018-06-01,1,228,"40,200"
553,西班牙/德國/荷蘭,布紐爾 超現實人生,2019-11-29,2,647,140610
554,美國,布魯克林孤兒,2019-11-29,1,20628,4649434
555,芬蘭,希望在世界另一端,2017-12-29,1,"3,484","719,340"
556,義大利,希特勒對畢卡索：被奪取的名畫,2019-04-19,1,177,"37,353"
557,法國,希達的祕密花園,2018-10-27,1,8,800
558,美國,帕爾曼的音樂遍歷,2019-06-14,1,"13,128","3,024,218"
559,法國,師聲對決,2018-11-16,1,"5,554","1,122,786"
560,中華民國,帶我去月球,2017-12-01,1,"67,154","14,671,083"
561,南韓,帶我回家,2019-05-03,7,844,"183,630"
562,日本,平行世界的愛情故事,2019-09-06,10,1691,405130
563,中國大陸,平靜冬日,2019-04-29,1,1545,343298
564,中華民國,幸福城市,2018-10-26,1,"6,510","1,448,377"
565,中華民國,幸福定格,2018-11-30,1,11698,2662187
566,義大利,幸福的拉札洛,2019-04-26,2,7178,1549663
567,日本,幸福的黃手帕,2016-04-01,1,68,12020
568,美國,幸福綠皮書,2019-01-25,1,190271,43492877
569,阿根廷,幸福試用期,2019-12-27,7,547,107889
570,中華民國,幸福路上,2017-10-30,3,"61,383","12,905,209"
571,義大利,幸福騙局,2018-11-30,1,694,"141,180"
572,日本,幻之光,2018-06-08,1,"1,865","394,490"
573,新加坡,幻土,2018-12-28,1,305,"62,825"
574,美國,幻影枕邊書,2018-06-05,1,123,"20,680"
575,中華民國,幻術,2019-05-03,1,10487,2428280
576,日本,幼女戰記劇場版,2019-03-22,2,"7,472","1,894,592"
577,美國,底特律,2018-04-13,1,"1,031","241,986"
578,美國,庫爾斯克號: 深海救援,2019-03-22,1,71847,15326124
579,美國,庫爾斯克號:深海救援,2019-03-22,1,71782,15322549
580,印度,廁所愛情故事,2018-12-07,1,"2,484","419,460"
581,香港,廉政風雲煙幕,2019-02-05,2,"45,844","10,304,150"
582,美國,弒婚遊戲,2019-10-09,5,119154,26712202
583,中華民國,引爆點,2018-08-31,15,"30,088","6,769,316"
584,中華民國,強尼・凱克,2017-12-15,1,"3,459","758,294"
585,美國,彩虹小馬大電影,2017-10-06,4,"26,579","6,088,054"
586,中華民國,彩雲飛,2019-01-19,1,3,570
587,中國大陸,影,2018-12-20,1,"12,161","2,694,317"
588,法國,影像之書,2018-12-14,1,421,"89,847"
589,日本,彼岸花,2014-12-19,1,9,"1,800"
590,中華民國,後勁：王建民,2018-12-14,1,"26,852","6,210,078"
591,法國,從前的我們,2018-10-19,2,"1,819","386,302"
592,美國,從前，有個好萊塢,2019-07-24,1,157136,37481075
593,南韓,復仇母親,2019-12-13,2,3715,795150
594,美國,復仇者聯盟:終局之戰,2019-04-24,1,3492311,910456089
595,美國,復仇者聯盟：無限之戰,2018-04-25,1,"2,596,803","641,776,135"
596,美國,德魯大叔,2018-09-14,1,"18,008","4,258,751"
597,香港,心理罪之城市之光,2018-01-12,2,"5,212","1,121,421"
598,日本,心的故鄉～灣生的山與海的故事,2019-02-27,3,810,102
599,美國,忌日快樂,2017-10-20,1,"106,970","24,072,344"
600,南韓,忘了浪漫，記得你,2019-09-20,1,303,67833
601,英國,快樂王子：王爾德,2018-10-19,5,"1,886","406,471"
602,南韓,怎麼就，結婚了,2019-08-09,1,1141,251176
603,俄羅斯,怒戰天下,2018-05-11,1,666,"152,930"
604,美國,怒火邊界2：毒刑者,2018-08-03,2,"28,079","5,584,871"
605,美國,怨弒屋,2018-06-22,1,"1,949","435,615"
606,美國,怨靈古堡,2019-12-20,6,2719,601928
607,日本,怨靈少女組,2019-08-16,1,73,15668
608,俄羅斯,怪咖突擊隊,2018-12-07,5,66,"15,295"
609,美國,怪奇超自然,2019-11-29,4,147,33163
610,日本,怪物的孩子,2018-08-10,1,269,"54,065"
611,美國,怪物遊戲2：妖獸讚,2018-10-19,4,"50,966","10,816,112"
612,美國,怪獸與葛林戴華德的罪行,2018-11-15,4,"2,700","1,060,923"
613,美國,恐怖大媽,2019-05-31,2,78454,17802279
614,美國,恩德培行動,2018-04-04,1,"27,740","5,873,717"
615,香港,恭喜八婆,2019-02-27,1,"3,883","825,390"
616,美國,恰吉,2019-06-21,4,"72,462","16,378,829"
617,美國,悅讀：紐約公共圖書館,2018-06-01,1,"1,185","254,445"
618,日本,情牽拉麵茶,2019-06-06,1,1228,247249
619,義大利,情遇那不勒斯,2018-09-21,1,"2,791","568,674"
620,英國,情陷斯卡布羅,2019-09-27,2,389,74252
621,法國,情陷高達,2017-12-29,2,554,"117,820"
622,美國,情，敵,2019-03-15,1,8720,1743491
623,美國,惡孕,2019-04-12,4,294,"66,732"
624,南韓,惡鄰布局,2018-12-28,1,"3,486","793,299"
625,美國,惡靈捕手,2017-12-22,1,227,"51,555"
626,美國,惡魔島,2018-09-21,1,"170,707","39,230,874"
627,英國,惡魔突襲隊,2019-01-04,1,"2,400","485,043"
628,日本,想成為奧田民生的BOY與讓遇見的男人都瘋狂的GIRL,2018-01-12,2,794,"174,610"
629,芬蘭,意亂提琴手,2019-05-31,1,1311,254446
630,美國,意外,2018-02-09,2,"61,803","13,262,717"
631,美國,愛‧欺,2019-02-14,2,19577,4272420
632,美國,愛‧滿人間,2019-02-01,1,79954,18135124
633,中華民國,愛上卡夫卡,2019-01-04,1,"2,695","558,096"
634,塞爾維亞,愛上太空女神,2019-04-19,4,331,"66,508"
635,美國,愛上觸不到的你,2019-03-29,1,121639,28219672
636,日本,愛上謊言的女人,2018-05-04,3,"3,039","693,673"
637,日本,愛之病,2018-06-29,3,52,"11,180"
638,日本,愛哭鬼的棋蹟,2018-09-28,1,"1,314","287,158"
639,日本,愛在九月來臨前,2019-05-24,3,1056,237726
640,義大利,愛在盡頭遇見你,2018-04-20,2,744,"149,765"
641,法國,愛情不輪轉,2018-06-29,1,"2,715","564,622"
642,波蘭,愛情合眾國,2018-11-09,5,436,"90,355"
643,泰國,愛情太需要翻譯,2019-03-29,1,957,"213,844"
644,英國,愛情摩天輪,2018-01-19,3,"4,037","889,111"
645,德國,愛情無論如何,2018-09-07,5,"1,646","354,527"
646,中華民國,愛情線索2：奇妙關係,2018-05-11,2,"2,213","494,920"
647,法國,愛情賭徒,2018-11-30,1,757,"166,105"
648,法國,愛情零極限,2019-03-22,1,582,"112,740"
649,德國,愛情，別來無恙,2017-10-27,1,798,"170,438"
650,法國,愛愛後當機,2018-02-23,2,"1,135","200,875"
651,西班牙,愛愛馬德里,2018-10-05,5,678,"147,890"
652,義大利,愛慾圓舞曲,2018-09-21,1,77,"16,670"
653,法國,愛波的異想世界,2018-06-01,2,234,"51,350"
654,日本,愛的奴隸,2018-12-07,1,398,"88,160"
655,印尼,愛的所有格,2018-08-17,2,273,"57,090"
656,日本,愛的飢渴,2018-06-05,1,218,"37,220"
657,日本,愛與別離的夏威夷,2018-03-23,1,767,"163,400"
658,英國,愛麗絲夢遊仙境,2018-09-27,1,375,"257,600"
659,西班牙,愛麗絲的黑盒子,2018-06-15,3,56,"13,140"
660,日本,愛，不由自主,2018-01-26,5,"2,994","669,845"
661,英國,愛，留在海灘那一天,2018-07-06,1,"3,665","780,791"
662,法國,感謝上帝,2019-05-10,1,2527,538517
663,美國,憂步,2018-11-09,4,20,"4,450"
664,美國,憤怒鳥玩電影2：冰的啦！,2019-08-14,1,88793,19631671
665,中華民國,憨嘉,2018-11-09,4,"1,641","361,957"
666,法國,懸案判決,2019-08-09,1,4561,936163
667,丹麥,懸案密碼-第64號,2019-06-14,1,21659,4580333
668,丹麥,懸案密碼前傳-瓶中信,2019-11-29,1,5205,1134279
669,加拿大,懼嬰,2018-03-09,2,111,"22,150"
670,日本,戀上小鮮肉,2019-09-20,1,29,6485
671,日本,戀戀銅鑼燒,2019-07-27,1,7,"1,100"
672,南韓,成為母親之後,2018-05-04,1,392,84300
673,美國,我們,2019-03-22,1,273949,63212121
674,日本,我們的50次初吻,2018-09-07,14,"3,023","678,150"
675,美國,我們的輕狂年代,2016-11-18,1,"1,130","234,710"
676,中華民國,我們的青春，在台灣,2019-04-12,1,13946,3127179
677,巴西,我們都一樣,2018-04-27,1,126,"26,920"
678,德國,我出去透透氣,2019-08-02,1,1398,278923
679,南韓,我只是個計程車司機,2017-09-08,1,"176,311","39,399,150"
680,印度,我和我的冠軍女兒,2017-03-24,1,"728,367","166,991,891"
681,美國,我和我的摔角家庭,2019-04-04,10,"52,468","11,192,067"
682,美國,我唾棄你的墳墓3,2019-04-26,1,"1,183","261,310"
683,日本,我在妳的床下,2019-09-06,2,294,65703
684,美國,我家有個開心農場,2019-09-12,1,8018,1726293
685,日本,我很好,2018-09-14,3,820,"188,956"
686,法國,我心渴望的陽光,2018-03-09,6,"1,457","301,120"
687,日本,我想吃掉你的胰臟,2017-10-06,1,"19,322","4,410,135"
688,美國/黎巴嫩,我想有個家,2019-02-08,1,"15,956","3,367,695"
689,法國,我想要你記得＿,2018-11-16,1,"2,202","493,543"
690,法國,我愛妳，妳愛她,2016-05-20,1,265,"56,345"
691,法國,我愛愛愛你,2017-12-22,2,582,"125,295"
692,中華民國,我是一片雲,2019-08-18,1,24,4470
693,南韓,我是一隻貓,2018-05-04,2,277,"62,410"
694,義大利,我是你轉世老爸,2018-04-27,2,744,"153,865"
695,英國,我是女生,2018-05-25,1,851,"192,242"
696,羅馬尼亞,我為愛做過的傻事,2017-10-20,1,1427,295270
697,日本,我的傲嬌男友,2019-02-14,4,"2,274","518,814"
698,瑞士,我的冠軍男友,2018-08-10,4,"1,184","255,940"
699,印度,我的嗝嗝老師,2018-11-02,1,"18,094","3,763,883"
700,南韓,我的嘻哈我的家,2019-01-18,1,71,"15,430"
701,日本,我的女友是魔法師,2019-09-12,1,880,185903
702,瑞典,我的妹妹萌奇,2018-10-26,2,55,"10,590"
703,西班牙,我的媽咪金搖擺,2018-09-14,1,721,"160,738"
704,西班牙,我的家人歐買尬,2018-06-15,2,884,"182,339"
705,法國,我的巴黎舅舅,2019-04-03,1,2488,497935
706,法國,我的情敵是冰箱,2019-11-15,1,184,41560
707,南韓,我的惹火上司,2019-04-04,6,100,"21,930"
708,日本,我的意外爸爸,2013-10-25,1,582,115305
709,法國,我的抓狂(女)友,2018-07-27,3,911,"198,943"
710,法國,我的教練我們的菜,2019-06-06,4,677,146608
711,日本,我的朋友霸王龍,2019-10-25,1,2514,569270
712,日本,我的爸爸是壞蛋冠軍,2019-01-18,1,"2,150","450,843"
713,中華民國,我的第一任,2019-05-17,11,3944,894913
714,法國,我的美麗爸爸,2018-04-13,4,334,"66,495"
715,以色列,我的蛋糕師情人,2018-06-15,3,"3,297","706,275"
716,中華民國,我的靈魂是愛做的,2019-12-06,5,5539,1228371
717,中華民國,我的青春都是你,2019-07-05,1,7699,1744430
718,南韓,我要復仇,2018-06-15,5,954,"213,787"
719,美國,我要活下去,2018-01-05,1,"5,179","824,422"
720,英國,我要為你呼吸,2017-11-03,4,"27,789","5,980,710"
721,中華民國,我親愛的父親,2019-09-20,1,1465,319159
722,日本,我變笨了，請多多指教。,2019-09-20,1,2529,541282
723,美國,我送阿姆斯壯上月球,2018-10-12,1,93,"20,185"
724,美國,我願意,2018-08-24,1,"6,335","1,073,071"
725,美國,戮營謎,2018-10-05,1,249,"55,020"
726,英國,戲夢巴黎,2018-09-14,1,"1,983","412,140"
727,愛爾蘭,房剋,2018-05-25,1,141,"29,840"
728,法國,找藉口有限公司,2017-12-08,1,"3,339","737,548"
729,泰國,把哥哥退貨可以嗎,2018-07-20,1,"43,278","9,180,250"
730,法國,抓狂博物館,2019-12-06,2,417,87492
731,瑞典,抓狂美術館,2018-01-19,1,"8,628","1,931,161"
732,英國,抱歉我們錯過你了,2019-11-15,1,2786,584082
733,美國,抹大拉的馬利亞,2018-03-23,2,"4,068","908,209"
734,義大利,拉斐爾：藝術之王,2018-06-08,2,932,"203,130"
735,日本,拉普拉斯的魔女,2018-06-22,1,"10,903","2,534,232"
736,美國,拍厲得,2019-11-08,1,3680,814422
737,英國,招魂修道院,2019-06-06,2,1004,231011
738,美國,拳力逃脫,2018-08-17,1,"52,480","11,036,862"
739,美國,捍衛任務3：全面開戰,2019-05-15,5,626756,142867200
740,美國,捍衛生死線,2019-01-11,1,"51,334","11,243,585"
741,香港,掃毒2 天地對決,2019-07-05,1,181034,40770948
742,加拿大,控制效應,2018-11-02,3,61,"14,205"
743,美國,推倒白宮的男人,2017-11-10,1,"12,998","2,690,725"
744,法國,插心之刀,2019-09-06,1,100,21485
745,南韓,換季男友,2018-05-18,3,"2,582","593,734"
746,南韓,揭密風暴,2018-07-20,1,633,"137,420"
747,法國,搖擺浮生錄,2017-12-08,1,397,"81,740"
748,南韓,搖擺男孩,2019-01-11,5,"3,150","22,222"
749,美國,搖滾啓示錄,2018-06-04,1,215,"37,700"
750,法國,搖滾少女聖貞德,2018-06-03,1,142,"24,600"
751,中華民國,搖滾樂殺人事件,2018-09-14,1,"5,870","1,333,904"
752,瑞典,搖滾男孩狂想曲,2019-01-18,4,441,"98,630"
753,法國,搶救失業大作戰,2019-05-03,1,1693,346533
754,香港,搶紅,2018-01-26,1,175,"39,760"
755,美國,摩天大樓,2018-07-12,1,"812,038","187,916,572"
756,美國,摯友維尼,2018-08-03,1,"103,333","23,510,154"
757,美國,撕裂遊戲,2018-04-20,2,15,"3,150"
758,南韓,操控遊戲,2018-06-08,4,"1,749","401,788"
759,英國,攔截異種,2017-12-01,1,"1,495","303,220"
760,美國,攝魂修女院,2019-02-15,3,"1,676","369,600"
761,美國,改革好萊塢,2019-11-22,2,148,32390
762,法國,放牛班的提琴手,2017-12-08,1,420,"81,170"
763,美國,救火奶爸,2019-11-08,1,19674,4467892
764,義大利,教宗與他的12件收藏,2018-07-06,1,"1,358","270,590"
765,美國,教父I,1972-01-01,2,5009,1307532
766,美國,教父II,1974-01-01,2,3713,985014
767,美國,敦克爾克大行動,2017-07-20,1,"453,406","113,575,145"
768,俄羅斯,文字慾,2019-05-31,2,517,96930
769,日本,文豪STRAYDOGS劇場版［DEADAPPLE］,2018-05-04,4,"11,206","2,734,129"
770,日本,斬、,2018-12-28,4,912,"192,673"
771,日本,新參者完結篇：當祈禱落幕時,2018-05-25,1,"11,826","2,634,293"
772,義大利,新天堂樂園,2016-04-08,1,834,147380
773,法國,新橋戀人,2018-12-28,1,4551,980390
774,日本,新聞記者,2019-10-20,2,1751,381538
775,法國,斷了氣,2017-10-23,1,232,"47,830"
776,日本,旅貓日記,2019-01-04,1,"8,511","1,909,338"
777,日本,日日是好日,2019-02-01,1,"10,292","2,224,635"
778,中華民國,日落之前,2019-05-31,1,3614,792869
779,美國,昆汀超集8,2019-10-25,7,822,179575
780,泰國,明天，最後一天,2018-09-21,1,989,"219,617"
781,中華民國,明日之星,2018-10-19,4,"6,579","1,415,786"
782,英國,星界離魂,2019-08-30,1,119,26365
783,澳洲,星際叛將：歐西里斯之子,2018-01-05,3,"1,722","345,354"
784,美國,星際大戰外傳:韓索羅,2018-05-23,1,"125,532","29,598,947"
785,美國,星際救援,2019-09-20,4,146014,34110908
786,英國,春光之境,2018-04-13,1,"1,509","323,625"
787,日本,春宵苦短，少女前進吧！,2017-09-29,1,"2,771","684,206"
788,中華民國,春寒,2019-01-05,1,25,"2,950"
789,中華民國,春風+亮亮與噴子,2018-06-25,1,35,"5,175"
790,美國,是誰在搞鬼,2019-08-09,2,267,"59,857"
791,日本,時光沙漏,2019-12-27,7,1877,456732
792,美國,時尚教父的福音,2018-06-01,7,770,"167,357"
793,英國,時尚鬼才: McQueen,2018-06-15,1,"4,770","1,082,496"
794,英國,時尚鬼才:McQueen,2018-06-15,1,"4,886","1,101,146"
795,美國,時間之旅,2018-11-23,1,330,"71,775"
796,日本,普羅米亞,2019-08-16,6,75726,20950906
797,加拿大,暗影人,2019-11-22,4,142,30779
798,美國,暗算,2018-08-31,1,"1,530","303,817"
799,法國,暴動之城,2018-06-01,1,"2,811","596,535"
800,美國,暴走曼哈頓,2019-11-29,2,31770,7057798
801,泰國,暹羅訣九神戰甲,2018-09-07,1,"2,719","610,636"
802,美國,曼蒂,2018-10-31,4,193,"43,025"
803,中華民國,最乖巧的殺人犯,2019-08-30,2,1316,302780
804,南韓,最後的禮物,2018-05-18,3,"2,298","501,436"
805,美國,最後的華爾滋,2018-06-02,1,182,"31,220"
806,日本,最後的食譜：麒麟之舌,2018-01-22,1,"8,703","1,902,704"
807,美國,最後相愛的日子,2018-04-13,9,"2,273","478,449"
808,中華民國,最是橙黃橘綠時,2019-03-15,3,"1,600","366,394"
809,南韓,最美的約定,2017-12-22,1,"1,309","269,710"
810,法國,最美麗的意外,2017-11-17,1,"1,168","219,645"
811,突尼西亞,最親愛的陌生兒子,2019-06-21,3,534,111514
812,法國,最酷的旅伴,2018-04-03,1,"13,993","3,001,325"
813,美國,最黑暗的時刻,2018-01-05,1,"37,519","8,347,309"
814,美國,月光光新慌慌,2018-10-19,1,"115,553","26,193,958"
815,中華民國,有一種喜歡,2018-03-30,2,"39,599","8,872,786"
816,中華民國,有五個姊姊的我就註定要單身了啊！,2018-11-16,1,"20,345","4,351,393"
817,南韓,朝鮮名偵探3：吸血鬼的祕密,2018-03-23,4,316,"68,270"
818,中華民國,未來無恙,2019-08-30,1,5855,1268818
819,日本,未來的未來,2018-08-17,1,"55,456","12,691,708"
820,南韓,未來的青春筆記,2019-01-25,2,600,"139,339"
821,日本,未成年愛狠大,2018-04-20,1,560,"127,180"
822,美國,末世異種,2018-05-04,1,"4,434","1,007,383"
823,美國,末日孤行,2019-03-08,3,302,"65,965"
824,美國,末日血戰,2018-11-09,1,33,"7,770"
825,英國,朱門巧婦(英國國家劇院現場),2018-10-19,1,570,"365,520"
826,南韓,朴烈：逆權年代,2018-03-16,1,583,"126,060"
827,美國,朵拉與失落的黃金城,2019-08-09,1,63897,14040397
828,馬來西亞,李宗偉：敗者為王,2018-09-28,1,"16,480","3,621,890"
829,英國,李爾王,2016-04-23,2,1262,878840
830,英國,李爾王(英國國家劇院現場),2016-04-23,1,356,246200
831,日本,東京日和,2018-04-20,2,749,"157,265"
832,美國,東方快車謀殺案,2017-12-08,1,"409,540","94,641,518"
833,南韓,東柱：時代詩情,2018-03-16,1,444,"96,645"
834,美國,松樹街陰宅,2018-11-02,1,38,"9,110"
835,美國,柏林我愛你,2019-05-03,1,4719,989053
836,瑞典,柏格曼：大師狂想,2018-08-10,1,766,"162,461"
837,英國,柏靈頓熊熊出任務,2017-12-01,1,"6,668","1,412,617"
838,日本,柴公園,2019-10-25,2,1280,277913
839,美國,校外打怪教學,2019-09-27,3,21224,4577310
840,荷蘭,格林納威：胡說爸道,2018-10-05,1,45,"9,970"
841,美國,格雷的五十道陰影：自由,2018-02-09,1,"294,197","69,564,439"
842,南韓,格鬥驕陽,2018-09-28,2,141,"28,725"
843,美國,梵谷：在永恆之門,2019-02-22,2,"12,161","2,608,379"
844,英國,梵谷：星夜之謎,2017-10-20,1,"28,806","6,545,428"
845,義大利,梵谷：畫筆下的烏雲與麥田,2019-03-29,6,703,"143,740"
846,日本,楢山節考：4K修復版,2018-05-18,1,"4,725","999,260"
847,美國,極凍之城,2017-07-28,1,"69,982","16,134,893"
848,美國,極地之王,2018-09-21,1,"24,170","5,000,811"
849,瑞典,極地先鋒,2019-05-10,1,"3,946","595,421"
850,美國,極地奇蹟-帶小北極熊回家,2016-01-22,1,13,"2,010"
851,美國,極惡人魔,2019-05-17,1,3654,813022
852,南韓,極惡對決,2019-06-20,1,126661,28454846
853,南韓,極智對決,2018-10-19,1,"34,199","7,280,107"
854,美國,極盜戰,2018-03-16,1,"104,891","23,129,424"
855,美國,極限獵殺,2018-09-28,1,114,"25,730"
856,法國,極限登峰,2018-03-16,4,"1,832","359,527"
857,南韓,極限逃生,2019-08-30,1,143512,32087898
858,中華民國,樂園,2019-11-08,1,19067,4048339
859,中華民國,樂獄,2019-05-17,5,23550,5253316
860,美國,樂高旋風忍者電影,2017-10-06,2,"73,463","16,653,572"
861,美國,樂高玩電影2,2019-02-14,1,42958,9681615
862,美國,模仿女孩,2019-06-21,1,79,17355
863,美國,模仿遊戲,2015-02-26,1,15,"1,950"
864,冰島,樹下驚魂,2018-06-01,1,"1,151","237,475"
865,日本,機動戰士鋼彈NT,2019-01-11,1,"11,383","2,790,936"
866,香港,機器之血,2018-01-12,4,"5,929","1,187,667"
867,美國,機器戰犬,2018-10-12,1,"9,841","2,039,500"
868,日本,機甲風暴,2019-03-22,1,149,32785
869,日本,橫山家之味,2009-04-03,1,1216,246935
870,英國,橫越生死線,2019-07-19,1,988,172915
871,日本,檢方的罪人,2018-10-19,1,"22,958","5,195,413"
872,日本,櫻花開了,2019-08-09,1,"1,596","324,073"
873,南韓,權力殺機,2019-05-01,4,"1,444","313,323"
874,美國,歌喉讚3,2017-12-27,1,"437,111","100,447,547"
875,香港,歐洲攻略,2018-09-28,1,"8,960","1,792,877"
876,美國,歡樂時光謀殺案,2018-10-19,2,"2,209","488,780"
877,美國,歡迎光臨奇幻城堡,2018-01-22,2,"7,831","1,731,500"
878,美國,正義聯盟,2017-11-16,2,"1,027,954","246,315,632"
879,法國,步步為贏,2017-12-08,1,225,"39,570"
880,日本,武士搬家好吃驚,2019-10-04,8,2068,449133
881,日本,武士的一分,2018-08-31,1,622,"125,810"
882,美國,死侍2,2018-05-15,4,"1,228,427","287,616,545"
883,南韓,死者的審判,2017-11-10,1,"2,019","442,730"
884,澳洲,死靈屋,2019-09-27,1,272,58967
885,波蘭,殘影,2018-01-26,1,569,120485
886,俄羅斯,殘酷的溫柔,2018-05-04,5,"1,345","266,300"
887,南韓,殺人回憶,2018-07-06,1,"1,318","289,910"
888,英國,殺威瑪先生,2018-03-23,2,255,"53,125"
889,美國,殺戮元年,2018-08-24,1,"66,837","15,152,829"
890,日本,殺戮重生犬屋敷,2018-06-22,24,"6,294","1,399,909"
891,日本,殺手寓言,2019-08-23,1,8616,1935820
892,日本,殺手餐廳,2019-09-20,2,5017,1193493
893,美國,殺死巨人的女孩,2019-01-25,1,265,"58,340"
894,美國,毀滅大作戰,2018-04-12,2,"591,586","136,885,117"
895,美國,毀滅者,2019-03-29,2,4530,832849
896,泰國,母嬰靈,2019-01-25,4,920,"200,245"
897,美國,母狗,2018-11-02,2,30,"7,165"
898,印度,母親的告白,2018-07-20,1,883,"181,660"
899,日本,母親的愛人,2019-09-27,2,18,4075
900,日本,母親過世時，我想吃掉她的骨灰,2019-05-10,1,2519,550158
901,美國,母親！,2017-09-29,2,"37,661","8,575,557"
902,日本,每個月來訪一次的月經醬,2019-12-13,1,750,162623
903,日本,每天回家老婆都在裝死,2018-08-17,4,"48,952","11,175,757"
904,美國,每，一天,2018-03-02,1,"1,541","354,320"
905,比利時,比利時狂想曲,2018-06-29,1,315,"64,850"
906,美國,比得兔,2018-04-04,1,"126,376","27,578,628"
907,中華民國,比悲傷更悲傷的故事,2018-11-18,4,"1,052,373","240,681,285"
908,日本,比海還深,2016-09-02,1,"22,131","4,903,212"
909,美國,毛骨悚然：趕盡殺絕,2019-01-04,1,"2,075","477,041"
910,美國,氣象戰,2017-10-13,2,"1,021,642","242,358,641"
911,美國,水底情深,2018-02-02,2,"123,141","28,286,724"
912,美國,水行俠,2018-12-12,1,"1,957,132","470,984,595"
913,美國,永劫,2018-07-13,1,462,"101,765"
914,美國,永遠愛妳，惠妮！,2018-08-10,7,"1,857","414,618"
915,法國,永遠的朋友：靈犬貝兒,2018-09-07,2,"1,847","412,354"
916,加拿大,求救信,2019-03-22,1,647,"128,890"
917,中華民國,江湖無難事,2019-10-09,2,41587,9160098
918,南韓,江邊旅館,2019-07-05,1,127,29565
919,巴西,池畔風暴,2019-03-22,2,241,"54,054"
920,美國,決勝女王,2018-02-02,1,"132,344","30,757,926"
921,美國,決戰中途島,2019-11-08,5,313605,72431201
922,法國,決戰事業線,2018-10-26,1,114,"23,960"
923,瑞典,決戰賽末點,2018-07-13,2,991,"185,320"
924,中國大陸,決戰食神,2018-01-26,1,19,"4,940"
925,英國,沉淪（英國國家劇院現場）,2018-01-10,5,612,"394,580"
926,日本,沉溺,2019-09-27,3,901,199449
927,南韓,沉默的目擊者,2018-01-19,1,"2,206","482,705"
928,法國,沒人愛小姐,2018-06-15,2,"1,480","335,016"
929,南韓,沒有你的生日,2019-04-12,1,12257,2786214
930,波蘭,沒有煙硝的愛情,2018-12-08,1,"9,289","2,027,423"
931,法國,沒萊塢天王,2017-12-22,1,211,"44,915"
932,日本,沒關係，是渣男啊,2018-06-08,1,"1,093","234,986"
933,美國,沙贊！,2019-04-03,2,"556,460","130,867,752"
934,美國,法律女王,2019-02-27,1,8393,1793707
935,義大利,法拉利312B：革命的開端,2019-05-03,1,63,"13,915"
936,義大利,波伽利：聲命之歌,2018-05-25,1,"6,559","1,382,445"
937,美國,波希米亞狂想曲,2018-11-02,3,"158,666","37,055,008"
938,英國,洛瑞&火柴男人,2019-09-06,1,2091,422635
939,香港,洩密者們,2018-06-29,2,"2,922","647,633"
940,美國,活個精彩,2019-03-15,1,29839,6445334
941,義大利,活屍電梯,2018-09-21,2,194,"42,245"
942,美國,活死人之眼,2019-11-15,1,212,45435
943,美國,派對撩妹守則,2018-05-18,1,"1,855","413,863"
944,南韓,浴血圍城88天,2018-10-12,5,"3,860","885,592"
945,法國,浴血狂花,2018-03-23,1,217,"45,835"
946,中華民國,海上花,2019-12-20,5,2352,521920
947,義大利,海上鋼琴師,1998-01-01,15,9918,2248444
948,日本,海獸之子,2019-10-09,1,37415,8689546
949,日本,海街日記,2015-09-11,1,465,"91,780"
950,日本,海角上的兄妹,2019-07-12,3,3274,727335
951,日本,海邊的道別,2019-04-12,1,280,"67,530"
952,南韓,消失的女人,2018-05-18,1,658,"145,225"
953,南韓,消屍的夜晚,2018-03-30,1,"5,250","1,192,363"
954,美國,淑女鳥,2018-02-28,1,"35,588","7,998,100"
955,香港,淪落人,2019-04-19,1,"15,288","3,210,600"
956,美國,深夜加油站遇見抓狂衰事,2019-08-23,1,2117,460239
957,英國,深夜小狗神祕習題(英國國家劇院現場),2018-10-19,2,"1,619","1,120,840"
958,加拿大,深海獵奇 3D,2019-02-03,1,1189,147889
959,加拿大,深海獵奇3D,2019-02-03,1,514,66394
960,法國,深秋的黎明,2018-03-23,1,568,"114,010"
961,日本,淺草的幸福吐司,2019-09-20,1,908,185403
962,日本,添好孕,2019-12-14,3,1449,319032
963,日本,港都情事,2019-10-25,2,17,3320
964,英國,湯瑪士小火車：環遊世界大冒險,2018-08-17,1,"11,422","2,688,807"
965,美國,溫徹斯特鬼屋,2018-02-02,1,"113,997","26,587,981"
966,日本,溫泉屋小女將,2019-02-27,1,"4,330","1,049,261"
967,美國,溫蒂的幸福劇本,2018-03-23,1,"7,769","1,530,557"
968,美國,滑板少女,2018-12-21,3,532,"123,205"
969,美國,滴答屋,2018-10-10,1,"114,245","25,659,721"
970,香港,滾滾紅塵(數位修復版),2019-03-08,2,"14,172","3,123,702"
971,法國,漢娜的失序人生,2018-10-12,6,"1,254","258,495"
972,英國,漫漫回家路,2017-03-03,1,48910,10484133
973,日本,漫長的告別,2019-07-26,1,4339,909266
974,美國,潛艦獵殺令,2018-10-26,2,"330,133","75,209,608"
975,法國,潛艦追緝,2019-12-27,23,7568,1660248
976,中華民國,火焰中的星空,2018-09-27,1,"1,057","232,025"
977,美國,火箭人,2019-06-14,1,34546,7789444
978,日本,火花,2018-03-09,1,"2,755","609,500"
979,美國,灰影地帶,2019-04-12,1,1489,298989
980,中華民國,灼人秘密,2019-07-19,1,32064,7351414
981,日本,炎上,2018-06-01,1,153,"25,640"
982,美國,炫目之光,2019-08-16,1,6615,1346049
983,美國,為了與你相聚,2019-01-11,1,"82,550","18,041,604"
984,中華民國,為你存在的每一天,2019-12-13,10,8388,1826943
985,美國,為副不仁,2019-02-27,1,28553,6217881
986,以色列,為琴癡狂,2019-10-25,4,890,175238
987,日本,為美好的世界獻上祝福！紅傳說,2019-11-15,3,42075,10576181
988,俄羅斯,烈愛交易,2018-06-08,2,223,"48,045"
989,德國,烈愛天堂,2018-03-16,3,"2,168","453,900"
990,丹麥,烈火偷情,2019-11-22,5,1198,239020
991,德國,無主之作,2019-03-08,1,3407,740638
992,捷克,無人知曉的七月十日,2016-07-22,1,2184,468140
993,日本,無人知曉的夏日清晨,2005-02-04,1,1735,360950
994,芬蘭,無名戰士,2018-11-09,2,871,"202,279"
995,美國,無敵破壞王2：網路大暴走,2018-11-29,1,"607,402","139,108,858"
996,德國,無聊的人生我死也不要,2018-09-14,1,"11,723","2,681,856"
997,美國,無路可退,2017-11-24,2,"8,032","1,599,216"
998,英國,無間行動,2019-09-27,3,35096,7752597
999,美國,無限鬼屋挑戰,2018-11-09,4,41,"9,495"
1000,香港,無雙,2018-10-05,6,"205,802","46,237,327"
1001,日本,煙花,2017-09-15,1,"58,369","13,582,430"
1002,英國,熔爐,2019-11-08,6,291,209360
1003,美國,熱氣球飛行家,2019-12-13,4,10942,2436960
1004,法國,燃燒女子的畫像,2019-12-20,10,8375,1848849
1005,南韓,燃燒烈愛,2018-06-29,1,"8,388","1,819,843"
1006,美國,爸媽也瘋狂,2018-01-26,1,"1,061","236,725"
1007,日本,爸媽死了，我卻不想哭,2019-07-12,1,1339,304624
1008,日本,爺爺與喵,2019-06-06,2,6622,1478990
1009,美國,牛津解密,2019-04-19,1,11998,2652653
1010,美國,牠 第二章,2019-09-05,1,480325,116684306
1011,美國,牠(數位IMAX2D版),2017-09-07,1,"495,311","116,367,230"
1012,南韓,物怪,2018-09-28,1,"4,456","976,393"
1013,日本,特別版FREE！男子游泳部－TAKEYOURMARKS－,2018-04-04,6,"10,269","2,530,721"
1014,日本,特約經紀公司,2019-12-06,1,7072,1582360
1015,美國,犬之島,2018-06-01,2,"56,033","12,507,703"
1016,香港,犯罪現場,2019-11-01,1,6810,1527769
1017,南韓,犯罪都市,2017-12-15,2,"5,684","1,194,601"
1018,法國,狂人皮埃落,2017-11-20,1,44,"8,530"
1019,中華民國,狂徒,2018-10-26,4,"2,280","25,916"
1020,香港,狂獸,2017-12-08,1,"8,360","1,845,879"
1021,義大利,狗奴人生,2019-01-18,4,"1,236","258,690"
1022,美國,狗狗的旅程,2019-05-17,1,56036,12429391
1023,法國,狙擊獵殺: 救援行動,2019-10-25,1,4013,859442
1024,美國,猛毒,2018-10-03,2,"1,201,412","278,827,478"
1025,美國,猛鬼抓交替,2017-10-06,1,"17,305","3,919,723"
1026,美國,猛龍怪客,2018-06-01,2,"56,390","12,249,914"
1027,英屬維京群島,猜猜我是誰,2017-12-29,6,"3,271","739,115"
1028,南韓,獄火重生：金昌洙,2018-03-01,2,433,"90,240"
1029,美國,獅子王,2019-07-17,1,1319475,314868532
1030,法國,獨帆之聲,2018-04-20,1,"7,562","1,715,999"
1031,法國,獵殺星期一,2017-09-07,2,"299,342","68,647,131"
1032,泰國,獵鬼遊戲,2019-01-25,3,372,"83,955"
1033,中華民國,王牌教師麻辣出擊,2018-08-30,1,"17,541","3,910,792"
1034,德國,王牌業務員,2018-02-02,1,739,"154,442"
1035,南韓,王的文字,2019-08-02,1,1988,439363
1036,日本,王者天下,2019-07-11,1,22696,5143587
1037,美國,玩具總動員,2010-06-16,1,387,"94,280"
1038,美國,玩具總動員 4,2019-06-20,1,1347740,312715035
1039,美國,玩具總動員2,2010-04-23,1,414,"101,810"
1040,美國,玩具總動員3,2010-06-16,1,722,"179,070"
1041,美國,玩具總動員4,2019-06-20,100,1025403,239410133
1042,中華民國,玩命貼圖,2019-01-11,14,"14,812","3,254,984"
1043,美國,玩命關頭:特別行動,2019-07-31,2,1905892,454474344
1044,美國,玩命颶風,2018-03-08,1,"142,495","31,891,977"
1045,南韓,玻璃庭院,2018-03-09,1,162,"31,980"
1046,美國,班恩回家,2018-12-21,1,"21,246","4,418,987"
1047,美國,現代啟示錄,2017-12-11,1,860,192575
1048,英國,理查二世,2019-03-29,1,348,233080
1049,德國,瑪雅蜜蜂大冒險：蜜糖危機,2019-07-19,1,2659,596184
1050,日本,瑪麗亞的乳房,2019-09-12,2,20,4315
1051,日本,瑪麗與魔女之花,2017-09-01,2,"44,000","9,608,623"
1052,美國,環大西洋2：重生時刻,2018-05-11,1,145,"26,650"
1053,美國,環太平洋2:起義時刻,2018-03-21,2,"717,652","170,746,763"
1054,美國,生人末日,2019-10-25,4,119,24936
1055,美國,生命中的美好意外,2018-11-02,2,"15,686","3,647,945"
1056,法國,生命的美麗瞬間,2019-10-18,1,351,72230
1057,日本,生日幻境 Birthday Wonderland,2019-09-06,12,2084,477526
1058,中華民國,生生,2018-08-31,1,"8,546","1,863,528"
1059,南韓,男人不敗,2019-10-25,2,890,189700
1060,日本,男人真命苦 真人版電影,2019-11-22,4,766,162164
1061,美國,男孩愛最大,2018-09-07,1,"1,286","292,144"
1062,美國,異星探索,2019-05-17,2,227,51398
1063,美國,異獸檔案,2018-06-15,3,159,"36,435"
1064,加拿大,異端邪降,2018-03-30,1,88,"18,335"
1065,美國,異裂,2019-01-16,2,397231,92205911
1066,西班牙,異鄉真心話,2019-02-15,1,152,"34,161"
1067,美國,異類占領,2019-04-12,1,"4,968","1,107,394"
1068,瑞典,當幸福提早來,2019-02-15,1,"1,178","257,052"
1069,法國,當愛不見了,2018-01-26,1,"4,571","953,367"
1070,美國,當愛未成往事,2018-06-22,1,"8,027","1,722,520"
1071,日本,當愛沉睡時,2018-10-01,2,130,23390
1072,義大利,當我們困在一起,2018-09-14,1,"1,068","212,576"
1073,中華民國,疑霧公堂,2019-04-12,1,360,"81,350"
1074,法國,疾速救援,2018-01-12,1,"246,949","56,860,489"
1075,義大利,疾速求生,2019-05-24,2,267,51910
1076,中華民國,疾風魅影-黑貓中隊,2018-10-26,1,17184,3676788
1077,中華民國,疾風魅影－黑貓中隊,2018-10-26,23,9351,2019067
1078,西班牙,痛苦與榮耀,2019-08-02,2,14554,2965322
1079,美國,瘋人院,2018-03-23,1,"14,332","3,135,371"
1080,美國,瘋狂亞洲富豪,2018-08-24,2,"286,014","66,386,121"
1081,美國,瘋狂巡警,2019-06-14,4,89,19281
1082,中華民國,瘋狂電視台瘋電影,2019-02-01,1,"27,921","6,299,137"
1083,美國,登月先鋒,2018-10-26,1,"65,298","15,561,804"
1084,英國,發條橘子,2017-12-29,1,"5,755","1,285,428"
1085,南韓,白頭山：半島浩劫,2019-12-24,72,309201,71422615
1086,日本,百合心,2018-02-02,1,"2,493","556,998"
1087,中華民國,盛情款待,2018-04-13,2,"12,662","2,675,544"
1088,英國,盜王之王,2019-01-04,1,"7,167","1,561,061"
1089,中華民國,盲人律師,2019-10-18,2,27827,6094866
1090,中華民國,盲人阿清,2019-10-19,1,230,50800
1091,美國,盲點,2018-09-21,1,"2,819","643,479"
1092,日本,相對世界。明日終結?,2019-03-29,1,"3,798","916,398"
1093,中國大陸,相愛相親,2017-11-17,1,"23,179","5,153,016"
1094,日本,相棒IV-最後的決斷,2018-01-26,2,235,"53,005"
1095,中華民國,看不見的台灣,2018-06-15,1,"10,964","2,307,952"
1096,德國,看見5%的奇蹟,2017-10-13,1,"4,174","890,321"
1097,中華民國,看見台灣,2013-11-01,1,3414,779070
1098,荷蘭,真假維梅爾,2018-08-03,1,"4,058","843,855"
1099,美國,真寵,2019-01-25,3,46436,10193205
1100,美國,真心話大冒險,2018-05-11,1,"222,624","50,168,372"
1101,美國,真愛收信中,2018-06-01,1,"7,605","1,394,760"
1102,中華民國,真愛神出來,2019-01-04,1,"2,658","580,992"
1103,美國,真愛趁現在,2018-04-13,1,"15,629","3,305,766"
1104,美國,真愛，再出發,2019-04-12,3,2375,489195
1105,南韓,真犯,2019-07-15,1,3625,808119
1106,日本,睡著也好醒來也罷,2018-09-21,3,"1,374","305,368"
1107,美國,瞞天機密,2019-09-27,2,17837,4009151
1108,美國,瞞天過海:八面玲瓏,2018-06-14,1,"617,710","142,550,296"
1109,法國,石器小英雄,2018-01-26,2,"24,749","5,481,267"
1110,西班牙,破處驚魂夜,2018-04-20,2,39,"8,020"
1111,美國,祝你忌日快樂,2019-02-14,2,131036,29789520
1112,中華民國,祝我好好孕,2019-06-06,1,3456,729084
1113,俄羅斯,神佈局,2018-07-20,2,"20,395","4,035,874"
1114,美國,神力女超人的秘密,2017-11-10,1,"17,470","3,620,319"
1115,中國大陸,神探蒲松齡,2019-02-05,1,"29,332","6,550,702"
1116,美國,神機有毛病,2019-11-15,1,37121,8602070
1117,美國,神秘肌膚,2018-10-05,4,728,"150,435"
1118,阿根廷,神秘高峰會,2018-06-29,1,770,"154,330"
1119,中華民國,祭旗,2019-12-13,3,3236,720737
1120,美國,禁入墳場,2019-04-12,1,94560,21449157
1121,羅馬尼亞,禁身接觸,2018-10-05,6,"1,592","341,685"
1122,日本,福爾圖娜之瞳,2019-05-03,1,8840,1986035
1123,美國,福爾摩濕與滑生,2019-02-01,1,"26,191","5,728,516"
1124,德國,禪，無所不在,2018-06-22,2,"2,656","566,160"
1125,泰國,禮物,2018-04-13,1,40,"9,900"
1126,美國,私人戰爭,2019-01-04,2,"17,429","3,546,081"
1127,香港,私人會所,2018-01-26,1,22,"4,840"
1128,南韓,私刑制裁,2019-03-22,1,196,"42,900"
1129,美國,私刑教育2,2018-08-30,2,"307,802","70,227,691"
1130,日本,秘戀之夏,2019-10-18,2,21,4700
1131,美國,移動城市：致命引擎,2018-12-06,2,"270,777","62,259,257"
1132,美國,移動迷宮：死亡解藥,2018-01-19,2,"766,470","173,292,007"
1133,美國,穆荷蘭大道,2017-09-29,1,7816,1674300
1134,日本,積存時間的生活,2017-11-10,1,"9,346","1,992,579"
1135,香港,空手道,2018-01-05,2,495,"108,275"
1136,美國,穿在乳頭上的洞,2019-02-01,1,352,"80,638"
1137,美國,窒息,2019-01-11,1,"11,519","2,852,847"
1138,美國,窗中的女巫,2019-09-20,1,129,29020
1139,巴西,竊竊屍語,2019-12-27,4,485,106271
1140,日本,笑傲曇天,2018-08-31,2,814,"179,745"
1141,美國,笑畫人生,2018-09-07,2,"3,518","760,462"
1142,美國,笑笑羊大電影：外星人來了,2019-09-27,1,8580,1980729
1143,日本,第三次殺人,2018-01-12,1,"5,427","1,206,763"
1144,中華民國,第九分局,2019-08-29,3,250237,56843257
1145,英國,第十二夜,2019-03-29,1,395,"266,200"
1146,英國,第十二夜(英國國家劇院現場),2018-06-01,2,661,"430,960"
1147,新加坡,簡單的婚禮,2018-07-13,1,"1,021","224,910"
1148,西班牙,米其林遇見米其林,2019-04-26,1,287,"65,670"
1149,義大利,米開朗基羅：無盡之詩,2019-07-05,1,7057,1466876
1150,中華民國,粽邪,2018-08-31,2,"219,909","49,273,565"
1151,美國,糯爾摩斯,2018-04-04,1,"24,600","5,274,615"
1152,中華民國,紅樓夢,2018-10-19,3,"5,930","1,354,131"
1153,中華民國,紅盒子,2018-10-19,1,31364,6885907
1154,美國,紅色密令,2019-05-31,2,"6,902","1,249,285"
1155,美國,紅雀,2018-02-28,1,"740,243","173,326,463"
1156,英國,紐約愛未眠,2018-01-08,1,6,940
1157,加拿大,索命半徑,2018-03-16,1,171,"36,120"
1158,日本,紫羅蘭永恆花園外傳–永遠與自動手記人偶–,2019-11-01,1,46297,11246730
1159,美國,終極戰士：掠奪者,2018-09-14,2,"188,727","43,561,059"
1160,法國,終極殺陣5,2018-04-12,2,"120,231","26,134,935"
1161,義大利,結婚哪有那麼男,2019-05-31,5,788,164081
1162,俄羅斯,絕世名伶,2019-08-09,1,5657,1147771
1163,中華民國,絕世情歌,2019-12-06,2,2569,562379
1164,南韓,絕代戀歌,2018-05-18,4,308,"62,585"
1165,西班牙,絕命警告信,2018-08-24,2,619,"132,701"
1166,美國,絕處逢山,2017-11-10,1,"58,038","12,293,517"
1167,美國,絕鯊47：猛鯊出籠,2019-11-01,1,26426,5827260
1168,中國大陸,給19歲的我自己,2019-01-18,5,931,"202,037"
1169,英國,給我一個參選的理由,2019-12-11,6,173,109660
1170,義大利,給自己的情書,2018-04-13,3,287,"55,480"
1171,美國,綁架,2017-11-03,1,"24,767","5,276,342"
1172,俄羅斯,維京傳說：寒冰交鋒,2018-01-05,1,"2,171","473,103"
1173,南韓,緝凶對決,2019-08-23,1,308,"65,120"
1174,中華民國,緝魔,2019-08-16,3,51112,11329584
1175,中華民國,編號174：錯命逆行,2018-05-25,1,"1,368","307,211"
1176,美國,縮小人生,2018-01-26,2,"145,610","32,918,325"
1177,西班牙,繆屍,2018-03-09,1,"1,999","460,898"
1178,美國,羅曼律師,2018-02-23,1,"3,105","631,518"
1179,美國,羅根好好運,2017-08-24,1,"28,394","5,834,638"
1180,美國,羅賓漢崛起,2018-12-20,6,"171,837","38,993,878"
1181,日本,羊之木,2018-04-27,1,"12,854","2,873,895"
1182,日本,羊與鋼之森,2018-12-28,1,103,"22,660"
1183,中華民國,美力台灣3D,2017-12-22,1,"35,862","10,080,649"
1184,美國,美國動物,2018-09-14,1,"3,696","776,822"
1185,英國,美國天使：千禧年降臨（英國國家劇院現場）,2018-01-11,2,960,"645,520"
1186,英國,美國天使：重建（英國國家劇院現場）,2018-01-12,2,896,"599,000"
1187,美國,美國羅曼死,2018-06-08,1,91,"20,395"
1188,美國,美聲俘虜,2018-12-28,1,"1,285","258,516"
1189,日本,美麗之星,2017-08-11,1,"1,869","393,540"
1190,美國,美麗男孩,2018-12-07,1,"3,791","839,845"
1191,香港,翠絲,2018-11-16,1,"2,971","659,781"
1192,法國,翻轉教室,2018-05-04,1,"1,755","375,602"
1193,美國,老人與槍,2019-01-25,1,"5,705","1,248,126"
1194,南韓,老千：獨眼傑克,2019-10-04,11,2876,652839
1195,中華民國,老大人,2019-03-22,1,61769,13525751
1196,英國,老娘也要當間諜,2018-08-17,2,"50,089","11,072,100"
1197,美國,老娘叫譚雅,2018-01-26,2,"16,796","3,474,498"
1198,中華民國,老師你會不會回來,2017-09-29,1,"178,421","38,874,129"
1199,日本,老師君主,2018-11-16,1,"1,321","295,725"
1200,挪威,老爸不好當,2017-12-08,2,675,"131,724"
1201,美國,老爸出任務,2018-03-16,5,"1,012","220,457"
1202,中國大陸,老獸,2018-01-08,3,"3,802","799,195"
1203,美國,老闆好壞,2018-03-30,1,"15,974","3,322,218"
1204,英國,耶爾瑪（英國國家劇院現場）,2018-06-01,2,515,"328,960"
1205,日本,聖☆哥傳,2018-11-02,2,"12,463","3,067,734"
1206,日本,聖☆哥傳: 第Ⅱ紀,2019-06-28,1,1337,318285
1207,日本,聖☆哥傳:第Ⅱ紀,2019-06-28,13,1178,281817
1208,中華民國,聖人大盜,2019-10-18,1,35276,8112554
1209,日本,聖哥傳,2018-11-02,11,"10,832","2,672,811"
1210,法國,聖草之愛,2018-12-07,1,"1,033","212,750"
1211,英國,聖鹿之死,2017-12-22,1,"15,550","3,579,578"
1212,法國,肉體學校,2018-06-02,1,231,"40,300"
1213,英國,胡桃鉗,2018-09-27,2,293,"199,560"
1214,美國,胡桃鉗與奇幻四國,2018-12-28,2,"106,009","23,545,641"
1215,香港,脫皮爸爸,2018-04-20,2,106,"19,760"
1216,美國/中華民國,臥虎藏龍,2000-07-07,1,61,"11,460"
1217,美國,自殺實境秀,2018-04-13,1,168,"35,880"
1218,南韓,致命目擊,2018-09-14,3,"19,328","4,425,500"
1219,中華民國,致親愛的孤獨者,2019-09-06,12,2386,533015
1220,中華民國,與失智共舞,2019-09-20,1,1197,258695
1221,日本,與妳的第100次愛戀,2017-05-05,1,"23,687","5,244,409"
1222,美國,與神同愛,2019-05-24,2,842,191787
1223,南韓,與神同行,2017-12-22,2,"2,201,857","513,309,442"
1224,法國,與神同行的少年,2018-09-07,1,"1,257","263,815"
1225,南韓,與神同行：最終審判,2018-08-08,8,"2,015,469","480,199,268"
1226,法國,舊愛來找碴,2018-12-21,4,"1,451","313,539"
1227,美國,舞力假期,2014-07-11,1,0,0
1228,俄羅斯,舞力決戰,2019-12-27,10,1203,276317
1229,美國,舞力重擊,2016-07-14,1,"49,019","10,931,954"
1230,英國,舞動人生,2018-10-19,1,"1,371","291,194"
1231,匈牙利,舞娘辣辣隊,2019-07-12,18,1474,332098
1232,美國,舞孃騙很大,2019-09-12,3,32466,7046929
1233,日本,航海王：奪寶爭霸戰,2019-08-21,2,224077,54056953
1234,英國,艾瑞克克萊普頓：藍調天堂路,2018-11-16,1,"2,498","580,075"
1235,美國,艾莉塔：戰鬥天使,2019-02-05,2,1104685,276857126
1236,法國,艾蜜莉的異想世界,2017-08-04,1,"5,876","1,285,165"
1237,芬蘭,芬蘭湯姆,2017-08-25,1,1322,289123
1238,比利時,芭蕾少女夢,2019-02-22,3,"2,749","590,835"
1239,英國,芭蕾王者,2019-05-10,1,4528,960384
1240,挪威,芮氏9.6,2018-11-23,1,"52,525","11,444,406"
1241,日本,花之武者,2018-10-12,7,"1,677","330,404"
1242,香港,花椒之味,2019-09-12,2,26988,5846300
1243,南韓,花漾奶奶秀英文,2018-01-12,3,"4,196","878,037"
1244,美國,花生醬獵鷹的願望,2019-12-06,1,2361,508128
1245,中華民國,花甲大人轉男孩,2018-02-09,2,"458,886","102,160,797"
1246,日本,花鳥籠：網愛調教,2019-11-01,2,44,9395
1247,法國,苦兒流浪記,2019-03-15,1,5291,1134177
1248,英國,英倫對決,2017-10-13,3,"136,878","30,640,911"
1249,西班牙,英勇勳章,2018-03-09,1,"2,859","566,860"
1250,中國大陸,英雄本色2018,2018-02-28,1,"1,600","403,895"
1251,中華民國,范保德,2018-08-17,1,"17,071","3,813,075"
1252,英國,茱莉小姐,2019-12-04,6,131,86200
1253,英國,茱蒂,2019-12-10,13,8608,1899160
1254,俄羅斯,茶花女,2018-11-17,2,202,"133,800"
1255,南韓,草葉集,2019-07-05,1,69,15840
1256,美國,草間∞彌生,2018-11-09,7,"3,199","699,766"
1257,西班牙,莎拉巴拉斯：佛朗明哥的呼喚,2018-06-15,3,576,"116,225"
1258,法國,莒哈絲的漫長等待,2019-05-25,4,1050,198430
1259,美國,莢殺,2018-11-02,1,20,"5,020"
1260,義大利,莫內：睡蓮的水光魔法,2019-09-27,1,473,104200
1261,南韓,華麗的假期,2018-02-28,1,358,"77,865"
1262,美國,萌友來找碴,2019-08-30,2,440,96562
1263,美國,萌牛費迪南,2018-02-15,1,"129,871","28,738,063"
1264,印度,萬萬沒想到,2019-11-15,1,47963,10891914
1265,越南,落紅,2019-02-22,9,"2,243","491,875"
1266,香港,葉問4：完結篇,2019-12-19,95,680773,155845777
1267,香港,葉問外傳：張天志,2018-12-26,7,"147,997","32,625,569"
1268,英國,葛飾北齋:畫狂老人,2018-09-07,5,559,"216,384"
1269,法國,蒙特梭利小教室,2019-04-13,2,961,196045
1270,日本,薔薇與武士,2019-09-11,1,431,302920
1271,日本,薙刀社青春日記,2017-12-08,1,"2,865","652,213"
1272,香港,藍天白雲,2018-02-02,2,48,"10,765"
1273,美國,藍波:最後一滴血,2019-10-09,6,126596,27746621
1274,中華民國,藍色項圈,2018-09-14,12,"11,068","2,510,144"
1275,日本,藤子海敏：寂默鋼琴師,2018-10-05,6,"1,276","259,086"
1276,美國,藥命實驗,2019-06-28,3,456,104415
1277,日本,虹色時光,2018-09-07,2,755,"171,794"
1278,美國,蜘蛛人：新宇宙,2018-12-13,3,200330,45632156
1279,美國,蜘蛛人：離家日,2019-07-02,2,1596769,379826849
1280,美國,蜘蛛網中的女孩,2018-11-09,2,"57,944","12,377,012"
1281,美國,蟻人與黃蜂女,2018-07-04,2,"1,271,902","297,167,619"
1282,日本,蠟筆小新電影 新婚旅行風暴-奪回廣志大作戰,2019-08-09,1,43173,9962290
1283,日本,蠟筆小新電影功夫小子之拉麵大亂鬥！,2018-08-10,1,"26,968","6,136,447"
1284,日本,蠻幽鬼,2019-09-11,5,328,222160
1285,中華民國,血琥珀,2018-07-27,2,619,"124,270"
1286,美國,血祭歐買尬,2019-03-29,1,269,"59,795"
1287,美國,血腥萬聖節,2019-11-15,20,4474,983247
1288,美國,血薄荷,2018-09-21,1,"71,407","15,164,400"
1289,中華民國,血觀音,2017-11-24,1,"394,831","88,619,725"
1290,英國,街角的書店,2018-06-29,1,"6,405","1,371,225"
1291,日本,衝吧！我的龐克青春,2018-04-13,1,53,"11,540"
1292,加拿大,衝擊真相,2019-09-12,1,8887,1905283
1293,中華民國,衝組,2017-12-29,1,"11,235","2,448,810"
1294,南韓,表妹好辣,2019-10-09,2,26,5510
1295,日本,被愛妄想症,2018-06-01,1,"2,560","557,430"
1296,美國,被遺忘的幸福,2018-11-30,1,"5,448","1,160,341"
1297,美國,裸愛殺機,2018-09-14,4,"1,752","370,716"
1298,日本,裸睡美人,2018-03-16,1,961,"200,741"
1299,義大利,裸色愛情,2018-04-13,4,413,"79,100"
1300,加拿大,製琴師與他的琴人,2019-04-26,1,1603,364260
1301,香港,西遊記女兒國,2018-02-15,1,"58,955","13,007,621"
1302,德國,視界戰,2018-05-04,2,"36,040","7,704,455"
1303,南韓,親切的金子,2018-05-25,2,"1,724","383,888"
1304,南韓,親密陌生人,2018-11-02,2,"10,634","2,196,301"
1305,南韓,親愛的仇人,2019-05-04,1,2730,489570
1306,美國,親愛的初戀,2018-05-04,2,"58,969","13,303,695"
1307,中華民國,親愛的卵男日記,2018-11-02,3,"2,710","603,556"
1308,日本,親愛的外人,2018-01-05,5,"1,378","285,732"
1309,中華民國,角頭2：王者再起,2018-02-14,2,"564,657","127,897,322"
1310,南韓,解凍屍篇,2018-02-02,2,"2,675","630,415"
1311,日本,解憂雜貨店,2017-10-13,2,"268,489","59,834,514"
1312,中國大陸,解憂雜貨店華語版,2018-01-10,4,"20,600","4,419,486"
1313,中國大陸,解碼遊戲,2019-01-11,2,231,"48,670"
1314,阿根廷,計高一籌,2019-10-09,1,3034,621130
1315,南韓,記得愛過你,2018-05-18,4,390,"83,500"
1316,英國,記憶中的擁抱,2018-03-16,1,"5,476","1,205,449"
1317,南韓,記憶中的美好歌聲,2018-02-02,1,"1,491","333,440"
1318,中國大陸,記憶大師,2018-08-10,1,426,"96,375"
1319,西班牙,設局,2017-12-15,1,"12,570","2,777,660"
1320,法國,許怨房,2019-11-22,6,8994,2017205
1321,美國,詐騙女神,2019-05-09,1,"371,756","84,441,473"
1322,美國,詭音,2018-05-11,2,34,"7,150"
1323,中華民國,誰先愛上他的,2018-11-02,2,"292,655","66,373,145"
1324,英國,誰怕吳爾芙？（英國國家劇院現場）,2018-01-10,3,700,"462,520"
1325,法國,誰殺了小說家?,2019-04-26,1,560,"119,628"
1326,日本,請做我的主人,2018-10-19,2,330,"73,565"
1327,日本,請問您今天要來點兔子嗎？～DEARMYSISTER～,2018-01-22,1,"6,211","1,511,175"
1328,南韓,證人,2019-02-21,1,65144,14700084
1329,印度,護墊俠,2018-11-02,1,"5,765","1,167,295"
1330,南韓,變身,2019-09-27,1,8604,1950046
1331,義大利,變身冤家,2018-02-14,1,"1,894","404,935"
1332,日本,豢養殺人鬼的女人,2019-07-26,2,673,148128
1333,伊朗,豬,2018-10-12,2,233,"47,263"
1334,日本,貓咪知道但是貓咪不說,2019-09-13,1,1191,256350
1335,中華民國,貓影特工,2019-01-18,1,"10,698","2,283,665"
1336,日本,貓是用來抱的,2018-09-28,6,"1,516","343,804"
1337,日本,貞子：起源,2019-08-23,1,13218,3011128
1338,美國,貼背戰,2018-06-22,1,"144,979","32,690,121"
1339,德國,賣場華爾滋,2018-11-23,1,"2,368","502,248"
1340,阿根廷,賭命大富翁,2019-07-26,6,954,199640
1341,美國,賭命運轉手,2019-01-11,1,"71,694","15,852,216"
1342,美國,賽道狂人,2019-11-26,46,306864,75387276
1343,美國,赤手登峰,2019-05-07,4,6001,1301080
1344,美國,超人特攻隊2,2018-06-27,1,"1,148,316","260,565,233"
1345,美國,超異能女巫,2019-07-12,5,219,47803
1346,美國,超能救援,2018-07-27,1,"3,718","684,744"
1347,美國,越戰獵鹿人,2017-11-06,1,593,129550
1348,日本,跟爺爺說再見,2018-03-09,1,"1,424","289,570"
1349,美國,跟著IKEA衣櫥去旅行,2018-06-22,1,"25,458","5,344,530"
1350,日本,跨越8年的新娘,2018-05-11,1,"6,212","1,367,259"
1351,印度,跳痛先生,2019-03-22,1,13330,2912527
1352,日本,跳躍吧！時空少女,2018-08-10,1,617,"133,503"
1353,法國,輕蔑,2017-10-23,1,156,"32,185"
1354,中國大陸,輕鬆+愉快,2018-02-02,1,398,"89,095"
1355,美國,辛德勒的名單(25週年數位經典版),2019-01-25,3,"4,149","1,053,074"
1356,法國,近敵,2019-01-04,5,"4,480","1,381"
1357,中華民國,返校,2019-09-20,9,1113267,259854760
1358,美國,追兇,2017-11-10,1,"8,655","1,778,993"
1359,日本,追捕,2017-11-24,1,"36,982","7,950,845"
1360,南韓,追擊者,2018-09-21,2,"1,190","262,020"
1361,美國,追魂公寓,2019-02-22,5,609,"127,975"
1362,香港,追龍,2017-09-29,1,"211,200","47,549,356"
1363,香港,追龍II：賊王,2019-06-12,5,54124,11761043
1364,日本,退而不休,2018-09-21,1,"4,264","880,967"
1365,日本,送行者：禮儀師的樂章,2018-10-01,3,239,"52,190"
1366,澳洲,逃出亞馬遜,2017-12-15,1,"7,253","1,461,234"
1367,美國,逃出絕命鎮,2017-04-21,1,"239,377","54,322,661"
1368,美國,逆光天后,2019-03-08,15,"2,826","656,798"
1369,西班牙,逆境棋蹟,2018-01-05,1,"1,568","331,206"
1370,埃及,逆著風的旅行,2019-05-03,1,1769,375566
1371,西班牙,逆轉劫局,2019-06-11,1,4256,935268
1372,法國,逆轉風帆,2014-08-29,1,1,100
1373,阿根廷,這旅程使命必達,2018-12-07,1,568,"104,907"
1374,日本,這條路上: 百年童謠的誕生,2019-05-31,1,2190,423486
1375,日本,這條路上:百年童謠的誕生,2019-05-31,2,1789,366806
1376,法國,這條路的名字叫希望,2018-04-27,3,445,"90,590"
1377,美國,速成家庭,2019-01-11,1,"51,119","11,226,251"
1378,冰島,進擊的大媽,2018-10-26,2,93,"18,143"
1379,日本,進擊的巨人劇場版覺醒的咆哮,2018-03-09,1,"3,423","806,143"
1380,匈牙利,遇見街貓BOB,2016-12-16,1,"43,895","9,459,070"
1381,日本,遊戲人生,2017-12-08,5,"125,255","37,467,869"
1382,美國,遊戲夜殺必死,2018-02-27,1,"91,265","20,348,398"
1383,德國,過境情謎,2019-05-24,2,593,107380
1384,日本,道別的早晨就用約定之花點綴吧,2018-08-03,1,16391,4027608
1385,日本,遠山的呼喚,1980-01-01,1,75,13220
1386,英國,選情尬翻天,2019-05-24,2,14584,2865878
1387,美國,遺怨,2019-11-08,1,734,164861
1388,阿根廷,遺落殺鎮,2018-08-31,3,336,"74,205"
1389,瑞典,邊境奇譚,2019-01-04,1,"10,151","2,369,010"
1390,土耳其,邊境少年殘酷紀事,2018-06-01,1,120,"19,820"
1391,日本,那一夜,2019-11-13,18,2160,489841
1392,日本,那些年，我們一起追的女孩(日),2018-11-02,4,"5,860","1,390,625"
1393,中華民國,那個我最親愛的陌生人,2019-11-12,2,5905,1253737
1394,南韓,那個閃閃發亮的家,2018-06-22,3,390,"79,290"
1395,南韓,那才是我的世界,2018-02-23,1,"6,848","1,526,264"
1396,西班牙,邪崖,2018-05-25,1,49,"10,330"
1397,美國,郵報:密戰,2018-02-23,1,"113,852","25,592,091"
1398,美國,酷寒殺手,2019-02-27,3,114907,25052188
1399,俄羅斯,酸世代,2019-10-04,2,144,26550
1400,美國,醜娃娃大冒險,2019-05-17,1,"6,987","1,383,780"
1401,法國,醫生敲愛錢,2018-06-22,1,"1,204","242,200"
1402,中華民國,重甲機神：神降臨,2019-11-08,1,7152,1665009
1403,芬蘭,重金屬之旅,2018-09-28,1,816,"180,805"
1404,法國,野放動物,2018-12-14,1,2130,458645
1405,土耳其,野梨樹,2018-12-28,2,"4,226","913,890"
1406,南韓,野蠻公主玩婚記,2018-04-20,1,"4,739","1,043,617"
1407,法國,野蠻迷林,2019-11-22,5,250,54520
1408,美國,野蠻遊戲：全面晉級,2019-12-04,91,767060,180769852
1409,美國,野蠻遊戲：瘋狂叢林,2017-12-27,1,"872,131","202,678,565"
1410,德國,金手套虐殺事件,2019-09-12,2,538,121332
1411,美國,金牌拳手：父仇,2018-11-30,1,"53,475","11,796,843"
1412,美國,金牌特務：機密對決,2017-09-20,3,"1,407,119","334,119,380"
1413,美國,金牌特務：機密對決(數位IMAX2D版),2017-09-20,8,"1,406,831","334,088,170"
1414,英國,金牌特勤隊,2017-09-15,2,"9,099","1,781,963"
1415,美國,金翅雀,2019-10-25,4,16988,3593533
1416,美國,金錢世界,2018-02-02,1,"46,030","9,922,933"
1417,加拿大,金錢性騙局,2019-06-21,1,"1,983","293,508"
1418,中華民國,金魚,2019-12-20,1,549,54500
1419,日本,鈴木家的謊言,2019-06-21,3,1038,204088
1420,美國,銀翼殺手2049,2017-10-06,4,"231,767","55,456,292"
1421,日本,銀魂2特別篇：世界奇妙銀魂醬,2018-09-01,1,"2,069","481,686"
1422,日本,銀魂2：規矩是為了被打破而存在的,2018-08-24,1,"26,932","6,373,013"
1423,美國,鋒迴路轉,2019-11-28,28,162613,37759276
1424,法國,鋼琴教師,2016-12-16,1,780,"2,108"
1425,美國,鋼鐵墳墓2,2018-06-29,4,"70,747","15,290,984"
1426,美國,鋼鐵英雄,2016-11-25,1,"507,781","115,717,366"
1427,德國,鋼鐵蒼穹,2019-10-04,3,184,40304
1428,芬蘭,鋼鐵蒼穹2：惡搞新世紀,2019-11-01,4,147,31331
1429,南韓,錢力遊戲,2019-04-04,1,"2,304","529,288"
1430,日本,鎌倉物語,2018-03-02,1,"46,503","10,200,360"
1431,南韓,鎖命危機,2019-01-18,3,"22,428","5,100,367"
1432,英國,鏗鏘玫瑰,2019-07-12,1,3470,674926
1433,日本,鐘擺人生,2018-08-03,2,526,"109,675"
1434,美國,長恨割,2018-05-18,1,38,"8,155"
1435,香港,閨蜜2,2018-03-02,3,"123,561","28,087,264"
1436,芬蘭,闇夜殺神,2018-03-09,1,63,"12,945"
1437,奧地利,闇戀,2019-10-09,4,71,14470
1438,美國,闇罪無間,2019-03-15,3,388,"86,790"
1439,美國,闇黑之心,2018-08-24,1,"49,257","10,799,761"
1440,日本,阿修羅城之瞳,2019-09-11,4,383,266200
1441,英國,阿喀郎版吉賽兒,2018-09-27,1,443,"301,200"
1442,美國,阿姐響叮噹,2017-12-15,2,"4,158","845,390"
1443,墨西哥,阿嬤養的豬,2019-10-25,2,567,109240
1444,日本,阿嬤，不要忘記我,2019-07-03,1,3516,707607
1445,法國,阿寶動物一族,2018-07-20,1,233,"46,465"
1446,美國,阿拉丁,2019-05-22,1,1250869,290433029
1447,中國大陸,阿拉姜色,2019-04-03,1,"1,728","354,485"
1448,日本,阿松劇場版,2019-05-03,1,3224,793031
1449,中華民國,阿虎,2019-05-03,1,4933,1138402
1450,美國,阿達一族,2019-11-01,1,87176,20029715
1451,香港,阿飛正傳,2018-09-28,1,"6,047","1,398,065"
1452,中國大陸,降魔傳,2019-01-25,1,234,"51,650"
1453,泰國,限時好友,2019-03-08,2,57668,13074595
1454,中華民國,陪你很久很久,2019-10-25,2,56580,12927341
1455,日本,陪睡大人,2018-09-28,1,"7,612","1,668,568"
1456,美國,陰兒房第4章：鎖命亡靈,2018-01-05,1,"141,510","31,450,071"
1457,美國,陰宅2,2017-11-03,1,"40,398","9,127,400"
1458,美國,陰林,2018-03-02,1,145,"30,550"
1459,日本,陽光只在這裡燦爛,2015-09-18,1,13,"2,060"
1460,南韓,陽光姐妹淘,2018-09-28,3,139,"28,585"
1461,中華民國,陽光普照,2019-11-01,5,109932,26051472
1462,美國,隔牆有詭,2018-03-16,1,"4,087","916,671"
1463,日本,隱劍鬼爪,2018-08-24,1,476,"98,235"
1464,美國,隱形情人,2019-07-12,4,553,133964
1465,印度,隱藏的大明星,2017-11-24,1,"122,958","26,810,984"
1466,美國,雙子殺手,2019-10-23,7,546452,132289041
1467,法國,雙面海德,2018-06-01,1,898,"190,627"
1468,美國,雙面特務,2019-08-30,1,12045,2658678
1469,南韓,雞不可失,2019-02-22,1,515557,117559060
1470,法國,離婚諜對諜,2018-02-02,1,225,"45,640"
1471,南韓,雨妳再次相遇,2018-04-04,1,"81,406","18,629,850"
1472,英國,雪地之光,2019-09-27,1,2163,468857
1473,美國,雷神索爾3：諸神黃昏,2017-10-24,1,"1,335,107","315,081,464"
1474,日本,電影刀劍亂舞,2019-04-19,1,13602,3317541
1475,日本,電影哆啦A夢:大雄的金銀島,2018-07-02,1,"44,882","10,285,419"
1476,日本,電影哆啦A夢：大雄的月球探測記,2019-07-26,1,98103,21785746
1477,日本,電影版 吹響吧！上低音號～想傳達的旋律～,2019-10-17,1,1038,248030
1478,日本,電影版 吹響吧！上低音號～歡迎加入北宇治高中管樂社～,2019-10-17,1,1081,258222
1479,日本,電影版 吹響吧！上低音號～誓言的終章～,2019-10-23,1,6099,1516565
1480,南韓,電影版 壞傢伙們,2019-10-09,1,28902,6495633
1481,日本,電影版 妖怪手錶：永遠的朋友,2019-06-28,1,6696,1520364
1482,日本,電影版 狂賭之淵,2019-07-05,8,2778,656441
1483,日本,電影版【空中急診英雄─海空災難最終救援─】,2018-09-21,1,"40,955","9,718,226"
1484,日本,電影版七大罪天空的囚人,2018-11-23,1,"6,651","1,606,196"
1485,日本,電影版吹響吧！上低音號~莉茲與青鳥~,2018-10-05,3,"10,963","2,721,986"
1486,日本,電影版妖怪手錶：永遠的朋友,2019-06-28,40,5948,1351704
1487,日本,電影版巧虎的彩虹綠洲,2018-02-02,1,"44,213","10,497,376"
1488,日本,電影版怪物彈珠空之彼方,2018-11-02,1,"8,094","1,910,893"
1489,日本,電影版我的英雄學院二人的英雄,2018-12-14,2,"22,694","5,474,799"
1490,南韓,電影版機器戰士TOBOT～機器人軍團的襲擊～,2018-05-04,4,"8,525","1,951,153"
1491,日本,電影版聲之形,2017-03-24,1,"293,859","68,666,009"
1492,美國,電影配樂傳奇,2018-03-09,1,"8,380","1,873,114"
1493,印度,電梯男孩的奇蹟,2019-08-02,1,"1,897","390,478"
1494,美國,電流大戰,2019-07-19,1,100839,22711815
1495,俄羅斯,電競殺手,2019-04-12,1,1406,302019
1496,法國,震向性教育,2019-07-19,5,233,"49,588"
1497,美國,震撼真相,2018-07-20,1,"5,659","969,609"
1498,美國,霓裳魅影,2018-02-02,1,"11,601","2,444,052"
1499,義大利,霧中的女孩,2018-07-20,1,"2,819","608,712"
1500,香港,霸王別姬,2018-12-14,1,"51,513","12,227,225"
1501,美國,霹靂嬌娃,2019-12-27,93,90307,20636515
1502,南韓,霹靂嬌鋒,2019-08-16,2,462,101635
1503,西班牙,靈殤,2018-03-02,1,33,"6,965"
1504,美國,靈異乍現,2019-08-07,2,20580,4452521
1505,德國,靈異療養院:顫慄挑戰,2018-06-29,3,"5,373","1,209,373"
1506,西班牙,靈蝕,2018-02-09,2,466,"104,875"
1507,日本,青夏：戀上你的30日,2018-09-07,2,735,"162,943"
1508,日本,青春豬頭少年不會夢到懷夢美少女,2019-09-27,2,35956,8973320
1509,南韓,青春，未完待續,2018-09-28,2,195,"41,995"
1510,中華民國,青梅竹馬(數位修復版),2017-07-24,1,"6,442","1,396,032"
1511,香港,非分熟女,2019-05-24,1,"3,831","795,010"
1512,香港,非同凡響,2018-11-23,1,172,"37,085"
1513,南韓,非賣品,2018-11-30,2,"39,098","8,564,169"
1514,法國,非．虛構情事,2019-02-27,3,"11,650",906
1515,美國,靠譜歌王,2019-06-28,2,47255,10597117
1516,丹麥,頂尖高手,2018-08-24,2,"1,677","353,730"
1517,中華民國,順雲,2017-11-10,1,"3,838","775,215"
1518,德國,頭號玩家,2019-07-19,5,117,"25,429"
1519,義大利,願望咖啡館,2018-07-20,1,"9,708","2,071,602"
1520,法國,顫慄柏林,2017-11-03,1,"2,846","642,855"
1521,德國,風暴過後,2019-12-13,2,1042,210650
1522,中華民國,風櫃來的人,2018-11-30,1,803,"177,230"
1523,南韓,風流大丈夫,2018-05-11,3,"1,062","241,390"
1524,南韓,飆風特警隊,2019-02-01,1,"16,008","3,509,235"
1525,日本,飛上天空的輪胎,2018-08-17,2,"3,237","717,411"
1526,日本,飛翔吧!埼玉,2019-08-16,1,3243,738382
1527,加拿大,飢慾之膚,2019-06-28,4,1732,350500
1528,德國,飢膚,2018-04-06,1,60,"12,665"
1529,美國,餓魔餐廳,2019-12-06,4,132,28500
1530,荷蘭,首席指揮家,2019-07-19,3,6809,1419055
1531,美國,香米小情歌,2018-03-23,1,847,"167,660"
1532,英國,馬修．伯恩版仙履奇緣,2018-10-27,1,242,"159,000"
1533,德國,馬克思：時代青年,2017-12-15,1,"2,398","503,590"
1534,英國,馬克白,2019-06-03,3,592,392080
1535,英國,馬克白（英國國家劇院現場）,2019-06-03,2,196,126880
1536,日本,馬拉松武士,2019-05-24,1,"1,887","390,883"
1537,俄羅斯,馴悍記,2018-11-04,1,142,"90,840"
1538,美國,馴龍高手3,2019-01-30,1,715684,166731008
1539,美國,駭客任務,2019-07-26,1,"12,830","3,035,297"
1540,泰國,騎機男孩,2018-12-28,1,"1,833","419,290"
1541,西班牙,騙局,2019-03-22,1,"6,391","1,427,918"
1542,南韓,騙徒,2017-12-22,3,"3,726","788,600"
1543,南韓,驅魔使者,2019-08-16,2,126763,28416877
1544,美國,驚奇隊長,2019-03-06,1,"1,699,437","404,391,001"
1545,美國,驚濤佈局,2019-01-25,1,"74,167","16,675,266"
1546,加拿大,驚神時光屋,2018-08-10,3,44,"10,250"
1547,日本,骷髏城七人,2019-09-28,5,462,322360
1548,美國,高壓行動,2018-05-25,2,"46,533","9,966,024"
1549,美國,高年級姐妹會,2018-07-13,1,"19,017","3,981,727"
1550,法國,高更：愛在他鄉,2018-01-12,1,"4,859","1,016,312"
1551,法國,高潮,2012-05-04,3,"1,364","294,640"
1552,西班牙,鬥牛犬：米其林帝國,2018-11-09,1,"1,383","301,630"
1553,中華民國,鬥魚,2018-08-17,1,"136,999","30,570,074"
1554,俄羅斯,鬼人魚：死水禁地,2018-10-31,3,382,"90,215"
1555,美國,鬼修女,2018-09-06,1,"478,396","112,679,962"
1556,西班牙,鬼入夢,2018-07-20,1,"8,146","1,833,453"
1557,印尼,鬼入鏡：靈之鬼跡,2019-05-24,2,8689,2060944
1558,美國,鬼壓床,2017-12-08,2,"5,696","1,277,204"
1559,日本,鬼太鼓座,2018-07-20,4,784,"166,729"
1560,俄羅斯,鬼嫁娘,2018-07-20,2,"2,247","493,195"
1561,南韓,鬼學怨,2019-07-26,3,"18,909","4,346,252"
1562,美國,鬼店,2018-09-28,10,"5,581","1,392,431"
1563,南韓,鬼戲語,2018-08-03,2,"8,370","1,765,615"
1564,南韓,鬼搖靈,2018-03-09,1,"9,745","2,236,567"
1565,英國,鬼故事,2019-01-18,3,904,"197,215"
1566,南韓,鬼片：即將上映,2019-09-06,2,2734,601854
1567,泰國,鬼玩伴,2019-11-01,2,7688,1707521
1568,南韓,鬼病院：靈異直播,2018-04-20,1,"109,441","24,905,439"
1569,南韓,鬼神拍檔,2018-10-05,1,"10,938","2,419,904"
1570,美國,鬼船瑪麗號,2019-10-18,2,4774,1063380
1571,美國,鬼裔,2019-03-15,1,32852,7330663
1572,美國,鬼靈精,2018-11-09,1,"76,071","16,746,668"
1573,泰國,魍美,2018-01-26,1,"35,347","7,982,500"
1574,美國,魔劍少年,2019-01-18,1,"28,037","6,000,393"
1575,美國,魔力女聲,2019-04-19,1,8337,1775826
1576,義大利,魔力抓狂夜,2019-09-20,5,637,130185
1577,挪威,魔女席瑪,2018-04-04,1,"2,410","539,236"
1578,南韓,魔女首部曲：誕生,2018-10-26,2,"2,422","546,866"
1579,法國,魔愛食人灣,2018-11-09,3,294,"61,360"
1580,日本,魔法少女☆伊莉雅-雪下的誓言,2018-01-05,1,"3,363","835,979"
1581,日本,魔法少女伊莉雅 百變嘉年華,2019-10-17,7,1455,350001
1582,日本,魔法少女奈葉Detonation,2018-12-21,1,"4,974","1,188,073"
1583,俄羅斯,魔法禁界,2019-09-06,1,14137,3119092
1584,日本,魔法科高中的劣等生呼喚繁星的少女,2017-12-22,1,"20,205","4,960,267"
1585,中華民國,魔法阿媽,2018-10-22,1,23,"3,150"
1586,美國,魔鬼終結者：黑暗宿命,2019-11-07,2,373741,87615329
1587,美國,魘影人,2018-08-03,3,80,"16,490"
1588,美國,鱷魔,2019-07-12,1,128832,28698829
1589,西班牙,鳥男孩,2018-09-21,1,91,"20,350"
1590,法國,鹿皮奇談,2019-12-27,6,600,132895
1591,英國,麂皮：永不滿足,2019-11-22,1,1583,365985
1592,日本,麵包超人電影版閃耀吧！庫倫與生命之星,2018-09-21,1,"4,808","1,086,979"
1593,日本,麵包超人電影版：布魯布魯的尋寶大冒險,2017-12-08,1,"1,959","427,770"
1594,日本,麵包超人電影版：發光吧！冰淇淋王國的香草公主,2019-11-22,1,1027,245195
1595,日本,黃昏清兵衛,2018-08-17,1,659,135285
1596,香港,黃金兄弟,2018-09-21,1,"70,468","15,840,146"
1597,法國,黎明的承諾,2018-02-02,4,"1,511","316,662"
1598,中華民國,黑熊來了,2019-12-13,31,38986,8881039
1599,英國,黑獄亡魂,2017-08-28,1,14,"2,735"
1600,法國,黑腥企業,2018-05-11,1,"1,177","252,655"
1601,美國,黑色聖誕節,2019-12-13,6,18113,4103672
1602,南韓,黑計畫,2019-12-13,2,4516,1029750
1603,美國,黑豹,2018-02-13,1,"1,575,728","373,051,577"
1604,義大利,黑金叛徒,2019-11-08,1,736,154707
1605,美國,黑魔女2,2019-10-17,1,581514,137154951
1606,香港,點五步,2016-11-04,1,307,"65,415"
1607,日本,齊木楠雄的災難,2018-04-20,1,"2,147","519,621"
1608,日本,龐克武士,2018-11-23,5,"1,043","222,743"
